filename,packed_line,original_sha256
abrupt_0000.json,1,475f08a9051e3b7bea1357afdf9a568f12a2c72a3787d4218bc30464156b271b
abrupt_0001.json,2,006e82a3bfae54bac9db0bccfdc0ded5545ca6d6b944c2d852b1454f26d2b4d9
abrupt_0002.json,3,6ea3af8bd3f1ad6c98013e40ba286db6c7065c542269ac581c459fd3c7f2fab2
abrupt_0003.json,4,4f2aa73356e214b8d15ee5494077121da229bc1dd12f91e36680cb7199c6a51c
abrupt_0004.json,5,11a2bc981ecf6fbf49507afe172564e9a4ca289bb81f16a6c324d56c8909ba16
abrupt_0005.json,6,76f4635e131bb9895716bfb10419c29c933777c3e483c01a0b65cb0ea98274ba
abrupt_0006.json,7,912dc184d21c07e2cb25600bfc799e272193db2844ddac8d8a84239206a9fd13
abrupt_0007.json,8,54086ad320c6db81791af11fc8388cd1a21d3d37501065a8d736d7f9afbb06a5
abrupt_0008.json,9,37e99e9755ed7f98e661662cc19060d2c9c4abdc3b1517126b7c843e3bd7698a
abrupt_0009.json,10,45134a8a5b3eac34612757a9f81bfe152e1c9397cb86a0b7c74f771d3c0a13af
abrupt_0010.json,11,17a7dd5cf8423da4a8bc6657730178d8fd378cf60ef843c1dbe8557df173f362
abrupt_0011.json,12,b4686e99604bf7ff6fdc5800dfda7834ae52884623cf43f4f4fa6fb231a07e23
abrupt_0012.json,13,e747306795e308679a88babb0df49c7b30f6d456fdaf74880e7520f71f46173d
abrupt_0013.json,14,fb7c5849f75d3be4fdc10f944eab841a05b0c6b2e4af4be6527017512cfca180
abrupt_0014.json,15,39647fb743ff0771c4c083de629a87d27e42ff3a4817c59a9471dfda069eaacd
abrupt_0015.json,16,671f48032851fa2f8680d573cc5c55ae9f9bf4f2a6a28fbdb2551607926e0e9c
abrupt_0016.json,17,4a78cd682cbdaa127519b34ca64524f0d815d2138048df835626a846fc1c86e7
abrupt_0017.json,18,ec36a7c119713006b1f7a5cf6c222cb48f117074aca43f2f52a94dc55b7e7bd6
abrupt_0018.json,19,8cad261b14cc0f1f1afbc5d68bb2faae49afea47275e5cd066c16f1eaf81eb74
abrupt_0019.json,20,75a26047f472fc1a4175681cd89af66d6263bef4749825c6e8f12fc44ff3f433
abrupt_0020.json,21,db3915c23b15cc9783859e06e21843992e585c895ca76248b08a1feec2b9ecde
abrupt_0021.json,22,62ee76d481c60a9d6fb5763be77f66e70e60774b181421c7ae4eca74395dd4d9
abrupt_0022.json,23,ebb01fb4df5b50749a714e9efce90398b4005f531bbe7d9bead4d6d3cc66a891
abrupt_0023.json,24,2c289deaf9af0be8f7b35be2ee63a28919d05789938df0578b9168cf2bc1bcaf
abrupt_0024.json,25,fdb3bfe38738291597ca2a085b66b10262ed3a048acd9afee526f0ed5f86933a
abrupt_0025.json,26,61edca878b74abf74c8d107c37a613b2a07b67e32b00b41a847602519b2dfd21
abrupt_0026.json,27,8913d73f9454c4b38cd7a6eea19e33013744322233531b49ad3c5c01ba64b708
abrupt_0027.json,28,4cd84f147c0d5baf8f73106973a303417cf06cce39e983a4ca3e3c33d6458da2
abrupt_0028.json,29,33205902ef784df9b5f50ade55163aa43623a8358358bf4d6cabbfb940ca2173
abrupt_0029.json,30,ddeb719ecf43e039f77264bb1fd6c8a1161da9ce6b5552996cda986b3fed8940
abrupt_0030.json,31,5714fb509de2c311f2ceaab4608fec43890708074d83acccfe37d93aa9731af4
abrupt_0031.json,32,ee0ad22665905cb1045d9cd10ae85d0a80d1024457f2ca241849b3eeebbf1e86
abrupt_0032.json,33,9d610200847198811242db4fded095d7c04a4aff815624b565939529ff84ce09
abrupt_0033.json,34,2fc0f43a8a4818cb77aa418e58b00d77720cd1046fe568a17671b0fa72515c4b
abrupt_0034.json,35,97a94a83a305b3e328fe4acd51abb1e0634ebcad61a9660ef540cdccd3122032
abrupt_0035.json,36,fb0e67278b97422d7e1261a9fdf9757ecd0267d12b4a89aabeb5688f078651b7
abrupt_0036.json,37,eca49d8067591018123b62634df5e5a8b8afbbcd2fd311ce3483f95f798fd42f
abrupt_0037.json,38,7dc471268b522c40f281d328a6fc9a3b3aea376095848f988c1f4cf53a7f55d3
abrupt_0038.json,39,8de5d03cdf9c1fd9a9a7d61370f2041ae45cd0712e978b071bd644a943639cfe
abrupt_0039.json,40,1c10c56ebd78d27373124a6811836b986bca78d62aa6fe67dee928f7015c7c5b
abrupt_0040.json,41,e0761fbd1bc68f5fc4f62522f8118ef38dff921d2038f815c337df845c59abb7
abrupt_0041.json,42,59d645a777e2e89f6d98c8f3b30b592714fb938c19f106dcf6625edb354cf3e9
abrupt_0042.json,43,943c385f215c36c5d0fb15c07a069044cf8e114fb925f629fc054b5330927bb1
abrupt_0043.json,44,47dae78a951fe24e497f81c0fadc58779f769fd6db5824758cf00b4cf1aaafd0
abrupt_0044.json,45,a53f26819f4b668fca9fd6b38d0efae868ddc2f8b518cf02768f8de451ed674b
abrupt_0045.json,46,1c3eca06382eabf442b6b89275b62cf38f10596043eed5f3ecac9f9eb3fc055a
abrupt_0046.json,47,6518da6e7df77f27b04dbad30b6abc543bfddb6d31ea485eaecfe05c157e2649
abrupt_0047.json,48,1ea35e1785111fa7ab3a6606863230c0ff6e6b9eae1d02468329e35ed9dbd4aa
abrupt_0048.json,49,b258a85abbcd3576e516c1695f22b9e62924c929f0adf66b4817acb6fc0990a0
abrupt_0049.json,50,71680ab217e46b5d488517414a2b5ef6d08cf918a5f9619add7e66e4cc297296
abrupt_0050.json,51,8f2c7f0b6eeeaeb45c0c9f52d4fba7eee828a848129062f88d3fbe06096ace65
abrupt_0051.json,52,b663ecb1d4405a339a2d0f990548c83147abab8ca3831409dc7b6ede51f0a89d
abrupt_0052.json,53,81e45fcc493ca17106dfea72de963136053f29c75d1246dc026fce629a7c296b
abrupt_0053.json,54,80708a5b3d3b0b6c5b247b3e1e0d4fd6e94e7aeed027cc5c4725ca6d921afb9d
abrupt_0054.json,55,eff1ed87a9e81437788ca1c14ae32baad4e7853ae33ed9931bbe63ca69df16d7
abrupt_0055.json,56,b38b25a4076c58060b606dd70c20bdcf101de285ff9aa3cf5d4773733bf61cdf
abrupt_0056.json,57,e19dfdc9f34e6d46dd73a67de31b09ac6628f4bb2af7dd6b7e8b5fe2e4acaba1
abrupt_0057.json,58,45bb9aedb44128a1bac992e51879af2c98dc49abb6c16358c40ace7922b5e7a8
abrupt_0058.json,59,a8a293262a01519eb673a34205bf0174e3a759087f6c949dc880480cf9aeea1b
abrupt_0059.json,60,77d4bce11e001a4b0e1140090e69f08fc097790fb7e5b226f04ec55f4a0fe010
abrupt_0060.json,61,a6a002f809368f246fd4c41d0c960acd5e6a277572ee6e25ecd6434d3522c481
abrupt_0061.json,62,e4b902d401c5b9d6c9a306afc526e1445fc9103ce4e2a2c6a5d5e3cac7d13193
abrupt_0062.json,63,a7ab775adaf8d97834f8eccb02c4c739e6186056712ee461d7eb6a683d59420c
abrupt_0063.json,64,1bdee765d45130c4beda958144cddd37758b0342ab26a395553c7f30fe5d3a2d
abrupt_0064.json,65,489d3cec2530ecfb1298006d50899b47ba9ec721e396238272a57faeb8321ced
abrupt_0065.json,66,b08766abf4c6775906d8bd58ea4e7eccaa3dfba027746db16ddf314f40ee842f
abrupt_0066.json,67,38eed7dc6e1cdcf962ce4cce6c8a573139ea36b60895db1a1d8cb94179dac6f2
abrupt_0067.json,68,672872059c8d86c5fe7893063d7a8ea7889b9c7102ee89b12f1c542927865175
abrupt_0068.json,69,7fb8403e89c185a96d5e6cb700ff9da31e5f96f4f090e2ab58d1b68c25a8f4d0
abrupt_0069.json,70,82a8fa8c1b87923236ac58b6eb21257f441cd78a2120910fa12fee92e1bbbdd3
abrupt_0070.json,71,6df8a409ed0ded7a9f25c331bcb9d7066d94ef609b819d316d3305e4fa725412
abrupt_0071.json,72,f770bdbefaa31b8f84527ed1865126ccbd0c2931c85d4792030f024345792733
abrupt_0072.json,73,355453f2c9521d57b3d9536a663ca4af656e406dd584c31f81027382dad70135
abrupt_0073.json,74,2301488b86af314a88923337bf590605123e1209f4773ae578f06b4d64b8c41c
abrupt_0074.json,75,052e4c602618a39b7947425d54e298291755c60839079c10e9fdafd962e5cd24
abrupt_0075.json,76,92036fece7dd9362088d8c3c5c295c0956aeb3710c260905c17c6c932439a7a3
abrupt_0076.json,77,1550135b3fe302e81bcb9ef48affcd612299deb1fdd5f838bc470d6369efaec7
abrupt_0077.json,78,a612fc35db3a0c94d92c4c935a4bb0d3f9dbf1ddf742c59bdc0aec07fc472398
abrupt_0078.json,79,54c61f5892c7a8ed0fcecab94f8a6999e543807902e8605e70f5e2f70862ded3
abrupt_0079.json,80,e4e4321748096d6c5c1049c83eb74bf7f114fc0c42ae3937ca13e570699a75ab
abrupt_0080.json,81,693c2e6bbaa346a0835f33cdbc4388ea3787545d27623a6ed7bf540150c0b9f9
abrupt_0081.json,82,96ccde01d329c034c6815fe7f87338cf527b2db3dc7cc26bfad118b12e15e515
abrupt_0082.json,83,c77bd149d66292e37d5163361cf7ec7f7b7140fb19e526c83ca2fd90fe9fff33
abrupt_0083.json,84,10f3bca878d04fb0ac2326cc0dc3b21503e41374569b951b3d8723ffd5a55e52
abrupt_0084.json,85,740e8486a7af7bcf611f3391517a1ea257d8f13d93a3c6883c0c6da89e388462
abrupt_0085.json,86,00951522f2d014cd82dd40c5c576a8639479c3845707da34c2b33f4acd4a3c6d
abrupt_0086.json,87,7ee6fe7fcb4528a8a1073bc8609df03fff06433636c99a39e19e0b5848ed2054
abrupt_0087.json,88,9b7a4788f6de77665cb84bb9c69531d418d477fc612795545377175a27e5cdc9
abrupt_0088.json,89,6df147f420c89b41d2918d0278afb70e4e0da1b069ab4e4692e7a5b9502e0e15
abrupt_0089.json,90,b74cddb1a9b2a62d452ff336e9ac43d41875583aa7229cd5aa512490fa3ffce0
abrupt_0090.json,91,fd9514887eb90994788a5529dea860fc9d507629707314fdadcfbcc1095601a2
abrupt_0091.json,92,14dbec0000206c7f0796ff2afb2641f1c5295e09dbdb39857531644c8bbe4d16
abrupt_0092.json,93,662b716c2f6ec497dd57cbc33a11d76ec8715939590621b085df354e367ca637
abrupt_0093.json,94,8d0cfe450c6dcab2f1af4f096d405f4888f76f1b8dd1c3f97187dbc5a0df42ad
abrupt_0094.json,95,f54870566b5f0efc3d01ea9fb791695d9de1a6c6b4008ce62735d0cef3120bd7
abrupt_0095.json,96,6b4c79c383e4d794146304533c91e73a36ea26d4d92ca1311a7c2b68f50f1584
abrupt_0096.json,97,3bce15b3bcbb1dd651706f6ad122766dca95923531f5781dd31458486710381c
abrupt_0097.json,98,443b638ca982e513d03ff977b3acc704fe93fc98df02c8a24d021b899b96b850
abrupt_0098.json,99,14a30bf7fb86b654e29424956431cb5444055513220d030559e93d696a85810b
abrupt_0099.json,100,084aa01815fb277651cbb2d432d4371fc80495fa2feee5dc36424b8556008ae6
linear_0000.json,101,e435909b46a140029ac6ce7a8c9a2efbf8bfbb0b5a922912137c0afcd137fdbc
linear_0001.json,102,74c305d9339ae62177ed5d66e7ffee6c03255105d8fbacdf05cbec266a8da642
linear_0002.json,103,547064e2063568c51bc055505372fe2ed160b6e579ad160331a11c5c88cc10b5
linear_0003.json,104,c39841a08a90478d52298f81ca440037dcd14bc49be597e7649f38e3157bdf4d
linear_0004.json,105,9f180ae0ea9a0d7f7d8549b06d24ee3bc80eda45b696b754b728e2dbe3493594
linear_0005.json,106,5c974ab2f2f209f82b24ab13004c3ea73d0411d17e19c1d24d5224e959ffebc9
linear_0006.json,107,09fbb112bdc5dd71bc74078658664c9efd5a4abcad718d4bd13d936f3c73912a
linear_0007.json,108,ad964ddebb2ddb8a95879f2122551af7cbe98e14a44fa0a29c4f11f5c30312af
linear_0008.json,109,d92b67eb549589d9d35a978cf8a5b178d783af9fc3d7cfaefd54a8d63db65c52
linear_0009.json,110,2308ef8fd6b9d0befe955c4b28e35e89cf1f6170593795c803ddbe613b9991d9
linear_0010.json,111,537c52ae9a3a04406080238fb9ca6ceb76f705b4a7022d2f9d0aa6b980ccf9c5
linear_0011.json,112,0d84145dc2074d5c6d4de07fae5baaa833683fff50c54b03c1c674a8de32b85b
linear_0012.json,113,6a3ddaf1346c3539ce1b44674e6b15b458228a1cade4e3df244365023ce61efd
linear_0013.json,114,97db2409b61b29c068ea446f56f11813877cc96a85d196fa09be746d766f9384
linear_0014.json,115,99401ab5705756a30047f1efc5393ab81c96cf3668dd18e138faac2c02ba2f31
linear_0015.json,116,a7331cfe54d88c4a1f188dc9092e015750bb389c6daa6f2cb58aeda796ab1a79
linear_0016.json,117,395245551d55668be10486455c727855140b002f4cde412f8d11bbe7cd452c5b
linear_0017.json,118,dc7dcbb6cec405aaa55d5ab13a043f002914b617eb15702d6a97a2b2e8593307
linear_0018.json,119,bde1a18053b47a813b91b38b43b23bdfda247f376ba70cc71cc253597e63f68c
linear_0019.json,120,7813fbb2d6e58f39e5be862339503d08ab5b60ec189ac1b5e1f2556af8b2b2e7
linear_0020.json,121,9e907c8058d976c23604bfe68ba8a9ff87f1056fe8d46b76bd8a326ba735b9d6
linear_0021.json,122,8d0cf90513731a261f0a281ff8ad85f54ccd70924c169f69cd3ffe4ce90e4443
linear_0022.json,123,cbbded5da53ba835ce73bab2c79f529534b4104796ef5f1f16a7af829bbe21ae
linear_0023.json,124,cdf8f0769cb5eab2d2a80dbe80688e419c2407389ec5d299793b7827d0130b85
linear_0024.json,125,a4761f5148e4aa8d717e667e3a03bd6aa334427239cb1299b8abea3f65141354
linear_0025.json,126,d4bf4dc62e769ee77f8f2f6ad836f79f7ad8b36d09386d11726827ff1a16aa67
linear_0026.json,127,6c61b22cd6792ec4acdbe3d5288aa9008feea0247de965e5eaa173d5dfcc4499
linear_0027.json,128,1846420962496ef79b40e9650a0001b751d3ac9c1454c66744dc92955ae87944
linear_0028.json,129,2758b3c01d4cf4e1104ff081ef660d426d74470f4c2f611192d9c2c59b8efd71
linear_0029.json,130,a92ba5b6305723044d3394facf0d47f58eb5a546612a6ca1e2de1022e2712fcc
linear_0030.json,131,4d20b86455c2a519681938c732b6cd0f5b31de372ab6f4966a1cb63066fee37f
linear_0031.json,132,9e6f3c2fb446fa9c2cd28fba54673793462617defd4c19d898891ee0eb1bee7c
linear_0032.json,133,258cdf2c14ae6ca6cd2b73195e9ee2ec569fcbb35461d03a860b53bed3ad7110
linear_0033.json,134,ff58b90dd4ab8d4c3c5311bacf8530ba2a90ce76a2bae80c874c31e393bb7ae8
linear_0034.json,135,0c669c3ddbcf52f40807a8979bb1487d45cd20b6223c7df89fe1699c2adc197d
linear_0035.json,136,954f31f6582943f435c42ee35e5040fe02ddf5cd7cc1b9de982d7c631da5ffde
linear_0036.json,137,a459cf7eea6bd9c739f1d53d9f07e783d53dc6db8d01e3cee129e9dd8295e8ba
linear_0037.json,138,e98fecc94671fb2c3a354eba475d0cb60106c4fd4e74d15af3c0b61423a79500
linear_0038.json,139,17987a5ea94e1a7c78f8edb29ae3b42f725c8c72ecd89b62016f9cb42c731d50
linear_0039.json,140,1fcafd1e74cc23746b46bb7969c1464ac7556698ea27b6d97600bb53e2834331
linear_0040.json,141,219f76e2402f98665e10ccd4df5e8e66bf9d150757a219f044b33ba330782c53
linear_0041.json,142,ac080b648b035cafac2d3bfffcbaee439a75c358163a8480d6f0ab188912671a
linear_0042.json,143,45f3f0346f969d08720e07b9f784970dbb8667b9148789ccd3708c0086ec49e4
linear_0043.json,144,592a17423196e3d344a111c3ff7e95396595e3c0633017caa01bd024b79fdab2
linear_0044.json,145,ee91406b1069cd6114656b1b6a38703df4ec215fe7706468b0aa780d4558f191
linear_0045.json,146,a7cddbdb3a0ae9dbea3563b5a6ac54e3a7c60d49d62aae29c5ce7b75c1b4e931
linear_0046.json,147,6466998dea823ac00d91d1c81d12e72048360374ef2ded787120a647e591976e
linear_0047.json,148,43e191a86478b21c309ef6014eb4c9d7f63a34ebcd5d36e8a11dd73032ff52ae
linear_0048.json,149,2f5b5ef888a092ced35c8ce4cfca452cb4bbb514be408a44a17f4ce157eba8be
linear_0049.json,150,10f45f0a09c9d419d117e21d4cd386d57b7256e05e8e086a0cce10ba69749331
linear_0050.json,151,b44a2bdc3b1d2859355e520532068ee67229e2951019f3cbe9ed2ad66d38ce6b
linear_0051.json,152,9128a1eb94e1b6e23524aa00b09371706cfb8d8eca51e2dce01df99e4f48505c
linear_0052.json,153,ee2cf3b5838dcde61fa3e2a30f54d8f4a4df773c63394a3374fa0814353d6e7c
linear_0053.json,154,78f584f53e58b3a0b497d523848f20a0d984a8c106d69164a95b06315ed70757
linear_0054.json,155,6c9768a6a36bb10b74d368eac8e27779a7b766ba2805c3cfcea040e258b57589
linear_0055.json,156,d178afaf2b65c8677cac698950db3d40aee4c1978355d4d4523bd2e91d3f3e0f
linear_0056.json,157,53ae62dfd8788e1a37c69a4b421c4989c9685fd837fd021c5f81cdd3c824aada
linear_0057.json,158,19cc53ec399d5b2cb3ec4101547a909d919ff3f08ffded12dbd71b1bf07c341e
linear_0058.json,159,e49940f45e2bf04a2e6eba415116b419c4f3695c3f01add55bcfdd3ac97e51b7
linear_0059.json,160,d7781ec14b4dfd7eea66e14c4646dcd945befcf3cd470328edf426311eada90e
linear_0060.json,161,f941594ce90e6890daaec55c73fcebb0ccf28ca5bea5005b8e812f547261bf0a
linear_0061.json,162,8e8a8a8d4577a0ae04f01c8435c2ede2f2a3f44a548547a4e9e361cea6467f49
linear_0062.json,163,c1a963bc7e20e70ad193bd23bc82a8a0b999582804c44f1ada8f6e88e8e163fb
linear_0063.json,164,7993d78e03c06cb491739ccd5a7712858c571ca64ca01d7808bcc37f987e929d
linear_0064.json,165,f6452c863a06409d0f4c658634abb45dbc08f059d2c885c5a1ca161729a9c95b
linear_0065.json,166,8edc8ce5514545c9d630e34e4187bdf74971005134ce4bfdf1779695d65ae520
linear_0066.json,167,05751d26fbc80c52318aeb8bc9e5b466a759367e9abda027e53b88c7d6767770
linear_0067.json,168,a80a288a6f4096d5ef52b0989b4efa88a04bcdff31cf37f7432f1ca9284a09de
linear_0068.json,169,efd9e01bde14f87d85859a758d45efe98ca64b6c3abbe1b23705e120182ba038
linear_0069.json,170,543b455b2c1746efa737ec6c161a35e1dba918c74e5f38449a9d1a9940bdbd94
linear_0070.json,171,da7687d66cad62ae601dcd2b4472a110a9f2fb5bc4c401e29758f1f8b7854d49
linear_0071.json,172,bc8ded0c0f81b85a295be957a387fdfa8608f3007dd2665fc8078bb321f27b90
linear_0072.json,173,46bb663bc17852dbffb4d31734239f102d44d889c4c6c581512585af88194694
linear_0073.json,174,658b54342a372a60ebfbbe5fe20d9af10ce90d6e21dbf56ef5b34d366619ff5e
linear_0074.json,175,0a4b53d150d9791bc1a53ab8c3855aa22b92075591b14f645a14a53d2b81ebf5
linear_0075.json,176,9efb4e290dc59f859cb67b8f18e23a761aaa142bced8a319d965e57feff948ee
linear_0076.json,177,c052144388fcf17edc407ddf004571cf21fcf4580c738c628e2515aba900934a
linear_0077.json,178,f8558239614a3dad0b3f1e358a77fc520878bfdee6490147f8c84e6eded2da07
linear_0078.json,179,b1bb200fed49b962f679ccd6f07174437d64ea2313a68e5420aa158041acbbef
linear_0079.json,180,33cc2392b5470fe8d0e488a47e9ca13385665ae2cd05b22f75242ae5600d55f3
linear_0080.json,181,3bebf200d31bee7d47331935201106fff465cfe66320c3baaa203f49e5bfcd63
linear_0081.json,182,7f27f610c46bfeac71d4f0f10b9c2394192624c12e31d8b95ddeb5e08030752d
linear_0082.json,183,5b70fde91db4c726ff0b1f8c65ef87c9371811d64a3fc9214925940045156dcd
linear_0083.json,184,234f8d7e3d44fb225e6ac3fc2fe1ef86206e0cac366daa04cfd4e66b15f3ba3a
linear_0084.json,185,6df8a1bd50789b0fc1c7936382f3107399495f3adea3bd46c2ab83029800a12d
linear_0085.json,186,7374c19f9f6dade991955919e046625e7565e207d1270414e14b40381edd84c2
linear_0086.json,187,589c7fe2d2b0b84ccb7286f5100b5f2a4b36ee59a16b31133f9deb11e48788c7
linear_0087.json,188,b25301ed38a1c96d99eeab2cbe8bf74dad6d9733d49cb33b3bdc1fb04d6e2764
linear_0088.json,189,db2be3c60e67b39c1e7dd677d2ba59e1ff46c564324dd6c3d6436bb663756265
linear_0089.json,190,035596fbea90df3a74192eed5f67aa16cfd0bea3afe0b91f6c4f3e767c8c5b0e
linear_0090.json,191,31bf488791726e7e5655b51082ba581167a706bb440f9f62e1e61feb1e6173df
linear_0091.json,192,f79159ce2f402ae77c849b54c8844afa2813bbd4a52a0d1a8780cf6d38697f71
linear_0092.json,193,8c4a19ea6d935ffceb183869b08720521a7d8c87d5c675b1053b6b89a346ddf9
linear_0093.json,194,261ce1841d505498e067244fce0b32a6c3ddaed73708962ed6622eddbd340b05
linear_0094.json,195,178a39f2e8d776687db2ede5d373fb8d059fe7a87833cc3d03a4add156ed6369
linear_0095.json,196,3b275d71f856d228775ee3c3ee1db6f17a57b14fee64cebea0eceeac7f286c07
linear_0096.json,197,a511adfc6243b5a9ad303ed298f3103a4d0a941474504b42b61d29c0f50a176c
linear_0097.json,198,28df7fc57184aa14e563c6c142582a3f807dc1ae8059721b6f7cc2c2dda6ab76
linear_0098.json,199,f97a25fb494a113104bf4362d84513fcea8f1b1bf64c65ade0505b5aedc7ac3f
linear_0099.json,200,0ae926e2a580a32c4bb696b460ce1d99ec161cfd5163c7ef9e430e4ad7845e44
serial_heteroskedastic_0000.json,201,b4adbb453cfaa404ed87f951baadff6479f90b539e6dcdbc27df28474851b567
serial_heteroskedastic_0001.json,202,c72acba9aa07ab65148853a7652d99ce9a83975497e677f5d96c39bb40c40814
serial_heteroskedastic_0002.json,203,bb4548eeeb918ac1f780ca6b3da432a593d608d173d9a60d9886052d17597f7d
serial_heteroskedastic_0003.json,204,a79d6807998c3d4a0500a561ca6a44e1f5b56909b9ef89f5c217e01273cdc3f0
serial_heteroskedastic_0004.json,205,96dfcff5ac0063637d51b7ffe1d77ba723c941e031d44f880622c07c178f7f54
serial_heteroskedastic_0005.json,206,39f7863dbc0820352f16dadfdf4bfac301c6960b89c704b54be6bcbe807a7dcb
serial_heteroskedastic_0006.json,207,4d25f257eb771a6302503ce0b9b9c56cea5dda13a96ae9aafdad697324100298
serial_heteroskedastic_0007.json,208,da313175d43b46882bdcfa9dd2427bda8226c5a02b4722a023a73691f9d393bf
serial_heteroskedastic_0008.json,209,5d4e55eb738a8b8322c88643452703781456880253de97b70d48f39b2072fcbc
serial_heteroskedastic_0009.json,210,cab2321337187b7df239e67140392d4aa7151303ba1c795fb18a577eb165bb5b
serial_heteroskedastic_0010.json,211,f1dd05e32692239cdc5b5a5a465fa79ba9bbee282afbb92a33e02cc9ada4a859
serial_heteroskedastic_0011.json,212,5bffee5f70d308c9eafd78c3021aee4120e781909233420d73fe7f1d38191554
serial_heteroskedastic_0012.json,213,87d9baa231c60126c2cdc3e710aa024e9d42a6d1cfbfca59811b187cb4f12cd4
serial_heteroskedastic_0013.json,214,12fc527cfa24fd885928f876af2701b432ad73fc2efd31ebde0bf9f54827dd70
serial_heteroskedastic_0014.json,215,b6491d3a1b935d44e7349cc00dc238b59818dac6201cbae755e5dc341eee1e17
serial_heteroskedastic_0015.json,216,d6aed8cdc90c2bdf192ef8d1d4747f9bee4dc092c3fe051ab56d83c77f75ff0f
serial_heteroskedastic_0016.json,217,5498215e6a9554ff538caa1c78a0408dda56d2a355d40de5388edc45eba6b755
serial_heteroskedastic_0017.json,218,be4ca173195979d0d9171d931c5de9f2221c376364c184297b58a283cf89f328
serial_heteroskedastic_0018.json,219,b6cd4537fd16df018b640ae899d7f025f321a6f4fa626685f948d2b2915c01e6
serial_heteroskedastic_0019.json,220,d959b1de3967c94503356031923bc57ef46f2b05c0e777eb988ce01823c23f13
serial_heteroskedastic_0020.json,221,3eb93633ff05304a77990fc34c38ed636e179ad2b66cceb5e20e6b2ccb17ebf2
serial_heteroskedastic_0021.json,222,75fa5e06b853b38f948845aee9cd3f904af300e2672ddbb95050801b7f2b066b
serial_heteroskedastic_0022.json,223,be42be97cb89ad6e5ce860f042f22256c6dffa0d8d16ff23a4a39e24273bfe5b
serial_heteroskedastic_0023.json,224,3d2214cd5dc4f13b70f59a224773cd2a97fe29de67e45514f614b55d60cbb80b
serial_heteroskedastic_0024.json,225,bcf73b02c9556f57f8c0e70d25c2f37d8ead291654cd3450ffaf1970a731c95c
serial_heteroskedastic_0025.json,226,a1eecd630b5969252183c48da515b3e419834e115b831b1edc8b6abfac62f4a5
serial_heteroskedastic_0026.json,227,6e60b88484fb0c99d00bfac0807b0768d7ec4bad1f1b6d0203b67db82b5faf7a
serial_heteroskedastic_0027.json,228,dd6e3d507793640f42010e1f603694dcb43c95380a2245e26826db92a19f24df
serial_heteroskedastic_0028.json,229,135df6302bd89a077b7ecccf52ae43f3197909b090b0494dcf0f56613d5fafc0
serial_heteroskedastic_0029.json,230,6c96229f8bbe333557c16119fda39e22b829b9b82849118202702de0caeb23e1
serial_heteroskedastic_0030.json,231,c2fe5533d1cca1900fbb64886593c0e65e047589b989171ed59164d3e934e511
serial_heteroskedastic_0031.json,232,4e173fed3886b90322bf60b509e94c413c4cf5561b88e75f5dfd5635d0a97f78
serial_heteroskedastic_0032.json,233,223e21c2f7fcfba4c2c69022bb43e4676a3683861281bcaa810498e4a0011205
serial_heteroskedastic_0033.json,234,1662219cd415ed28d249881a0d1b802102f9ea6e01503bad938cfe24d07925b9
serial_heteroskedastic_0034.json,235,5b81dcbed4a93ebe5471a227e795a7ccbd9f0a6fbd7eacaf3b1a05e9905b3fa1
serial_heteroskedastic_0035.json,236,284798ca1639e916785a6b871fcad4ef3bd8b49166e877cd0e70f6fde69f3f36
serial_heteroskedastic_0036.json,237,2186610b5f4d57932267cad6e2fc5757b676794f47ffb33e19be3090fe3a0655
serial_heteroskedastic_0037.json,238,f59a9d7c55aed2ea2b08e0adad03069ddaea94b946f277244a81424f1e9719a4
serial_heteroskedastic_0038.json,239,0f01207edfedbda47f4ec4501b6939af27fb8abdbaa91503e21316339ccb9ebe
serial_heteroskedastic_0039.json,240,fcfe3ed44d4684c62d9fe0eaddb6636c16fc622cdec8916ff7acc2c1961a8cec
serial_heteroskedastic_0040.json,241,8aa506ba6be3305023f751c77c814059a737bb602c528f6732720f1f04d448f7
serial_heteroskedastic_0041.json,242,c33747cccb8516674dd72db9af6eb90ae9d5ec7b00f3b016346157f69f50ab55
serial_heteroskedastic_0042.json,243,ec9f40d7bc6360e75118813aa500b646587a4c2a7893d5b2c512af6c31ed6afe
serial_heteroskedastic_0043.json,244,4c2800be4045525283aa4f9d2420578d6320b5bb799c93b12f1d29483dcc1f26
serial_heteroskedastic_0044.json,245,ee7b46d4d8fd2976bfd3db5142114df7b828cdba84370cbd12405005667cf975
serial_heteroskedastic_0045.json,246,17a1cd97896c6db6c5ad51d3f916da3d811a86025d13ca587318e22bf637fa7d
serial_heteroskedastic_0046.json,247,c871fad26994e99c5d615adbcdaad5f902dee2588a4c5ec5cb8e48b430a35017
serial_heteroskedastic_0047.json,248,363e46320a15f18826f490d74d20292fe0413bc4fb0362e970a086e8623b3b30
serial_heteroskedastic_0048.json,249,46fe5e79cff58383eed9c6bd4ddd5902713ff090b11eee1feded0725e37b07cc
serial_heteroskedastic_0049.json,250,2162bdbc484e423b390de2494c1cc38094a8a30a039d5da6252ee0c865d5306b
serial_heteroskedastic_0050.json,251,274c0ee17df8447c7c76531dd51b75c436250b91ea8f88483105818dfaa78b94
serial_heteroskedastic_0051.json,252,71125019e6278592f083aa72013b3fb67c6e34988697cffa71478306363de1c4
serial_heteroskedastic_0052.json,253,0183683498fbc205ca70f9974de24d7c9f0eff4917007a01595b66591a0d76e8
serial_heteroskedastic_0053.json,254,a428c772721c13d9c2d4b734a633e314d0e308c8ce71e958d799b0373582f75f
serial_heteroskedastic_0054.json,255,bf65c6013375322a6c881dc585c2f2d2b4f540df7cc88f0ab68fdf73f48e50de
serial_heteroskedastic_0055.json,256,e8ab00c7cce1221fd5eec2dbd838ca08f932d15afd34f9f071b10308642b93c4
serial_heteroskedastic_0056.json,257,a41dc8f80dfeba24f35a9e9977308141e06e5a47f161ea7fa00cbf49e1f45678
serial_heteroskedastic_0057.json,258,4c888282afab2fd5d8eac4cda89f34b8dd04e7b94cbb5db60f705e2d293d729e
serial_heteroskedastic_0058.json,259,9d3869b01284a6fd3e46aa2c99d2326f63c13c1e0cb82c5c57c97c28d9ed5ed4
serial_heteroskedastic_0059.json,260,42d2d4071309f598657053e501efa5e14e7e0e46fd97463979091e02e6ee89ee
serial_heteroskedastic_0060.json,261,02b4d8f6289d57abc1c9798df3a7fbd87e89337e3878558250766b398057f114
serial_heteroskedastic_0061.json,262,4a3e05ea8f5b51d32f431b023554cb51f60b5cb63723beee82b2b3847dc167b2
serial_heteroskedastic_0062.json,263,f02c5bb905113c3afd57a785e1bc9301da419dceaae8e125919ca110bd22af55
serial_heteroskedastic_0063.json,264,186a23fe73023f50447757677c38fc1dcf2bf15c5e4918b38aedf6c0eb6f1da8
serial_heteroskedastic_0064.json,265,c1fbe6e3b917af18fc5ee83b316ec53430eabafab603a1cbc5ad5e8f33474172
serial_heteroskedastic_0065.json,266,417ca532b4f9d236283d28433edc4bc52df9b5ad49d9c26caf41d807dae252ef
serial_heteroskedastic_0066.json,267,f505d15c2c4032bdf021e45d1b570e31f05aab074fd198c952781818954c9384
serial_heteroskedastic_0067.json,268,d8edbf6de7d363101f0d9fc8633de3b0dda326d58bd82163fdbaeb8148afbc0d
serial_heteroskedastic_0068.json,269,dfed5d7f4d0c1703215a2d7edbf6af648fe0946ebd759b221de4ab59eae9a53b
serial_heteroskedastic_0069.json,270,d15475346474789d8d7948460739337b8a9511ba602e1ccd39e4e2c2169e50a2
serial_heteroskedastic_0070.json,271,1eb3600bf94ef26097e3666819b8573787ff74523b8d09529775c493361a084d
serial_heteroskedastic_0071.json,272,7076f25f70d83e813efe82deab7500c1c8296f0c4707a037f5dfaecfadbcf4e2
serial_heteroskedastic_0072.json,273,f223cfd3f41c85e1e2675f7b8558e7186450eb6fe64d5706cbf20c11b29bd465
serial_heteroskedastic_0073.json,274,6206c46883db7841045917de78f439868ccc4144035c398752509019508533e8
serial_heteroskedastic_0074.json,275,7753f808d3e7a8c5c5ac4f6b1b0c3186b9a042816cc0b33afc014c2bded13fc1
serial_heteroskedastic_0075.json,276,ef266f4b04796cccd8f2f6d1812db06504e50740ba5fe0bec2b10b08b3d01821
serial_heteroskedastic_0076.json,277,b641ce1e418ba83662c59c28d9e53f6354d7f6654a43dd625a97ea9607e57c49
serial_heteroskedastic_0077.json,278,b0f1ee30b67f0cf60b9824c7e01519783576b9325f09acdad9441eacd9e4bc9c
serial_heteroskedastic_0078.json,279,2fbc14f4c3764d153acb3c483019f17f8083644313c12fa68ac96328bab637d0
serial_heteroskedastic_0079.json,280,70a4873211ea13aeb0742e5ba6aff6a7e74a3db0c4b76303f2b9563e3406e462
serial_heteroskedastic_0080.json,281,4238d93e221267cc5b488ab6a3531330beded1f530e27bb040f41e20a6fafdf5
serial_heteroskedastic_0081.json,282,a27607d71c63d4c74e0dcf8d4fa3a7648e9e62294ccbba7bc130b631cc6f0608
serial_heteroskedastic_0082.json,283,d32e490493eae889b8c6ba52a81b615b68727380a37c68c3c98a236ffb9e2c24
serial_heteroskedastic_0083.json,284,22926a08acfa82d0e3752e23da99058266c9ec68d0c8a73c6d7add7f517da00c
serial_heteroskedastic_0084.json,285,08b04ea156ab1e70ae827dcf80aad4cbfd5039f2c18cdbf17ed86560c59ca41e
serial_heteroskedastic_0085.json,286,218150bfebbdd394ec0922c74fd8b8951d06a9b1f478d4663ebf28a729a349b6
serial_heteroskedastic_0086.json,287,595c96c34e3db9cc046edc51ef88873e8df9cfee65c3b53a1ffb2e26683087ab
serial_heteroskedastic_0087.json,288,98b92eafc12d13e306a441b0b6168bfcdf1ccb0ae6b93a1ee0a02a4d581f7a26
serial_heteroskedastic_0088.json,289,ef1b1fecc2e1548555509bd46b5ccaa28c5279a1d36229434b4682599a3e132d
serial_heteroskedastic_0089.json,290,1602e5fceb16c9450b5701d6f8fdb8b0d81eb5345a0ae7effc3e473bf520f665
serial_heteroskedastic_0090.json,291,4981e451ce273a545f65174d504eeb9401226bd239eac5266241f3bef5fbbbdc
serial_heteroskedastic_0091.json,292,f53b35ab0c909ed6eef748310e74c330ded276cd6de1a0f9dfa1c9c078536520
serial_heteroskedastic_0092.json,293,f6a5a46b30000c0ab260fec6737660e4d32d4a8b1a562c7c56a13eab1a6885ce
serial_heteroskedastic_0093.json,294,3ea52df16e23790bb27ab72a9daf1998b01baa3dc1ba423f4331e080bdefeda2
serial_heteroskedastic_0094.json,295,bd05482faf8ab3f6881efd755ba0c5fc0d8f0a2ac2c1a9cba37d6bda58816be1
serial_heteroskedastic_0095.json,296,f0345fc25b25308ea973cbbbbeb0c7aea58b1b1744a847b8e929b9ad4e54c5f4
serial_heteroskedastic_0096.json,297,f5359764c66301b66fe83005dc65a8e2703f091732880ce5a5717ae5151c10e4
serial_heteroskedastic_0097.json,298,3409673f62eb02cb07c2014ae9fb55119aac1326e6a5566393024287615d4acc
serial_heteroskedastic_0098.json,299,375c2e98c78c63fd1329f1b1cc99b3551d747b3c05f6eb2a738c28212bb5b4b4
serial_heteroskedastic_0099.json,300,92a9b116b52548f808e54328026b1b682a6b50e57511b8c7a6f86745e67332e2
smooth_0000.json,301,9f46516cf8e40d187631e8ebd2687f2a1e87cf252c59fe8998947fdcb125e621
smooth_0001.json,302,e3b7e12e9904c7cdc80d9ec349f765c543de69b33fe723bc0a22472242caf7a5
smooth_0002.json,303,e7bf99c6a419976831bb421ad4fce08c8f34d235677a3684e49198880a2570c3
smooth_0003.json,304,96019d0399b0eb9117615cc2dd19edfe4232223afa1690228b6e40117bc7d481
smooth_0004.json,305,df82e238f24404973cbc18479c38ca5f27fad7fef2777be83d7bbaa542f68795
smooth_0005.json,306,0a4fcdcb962f3e7d9ec5cf4f2f2d70d1db91dad1bee02785aaa459d7b0da0dff
smooth_0006.json,307,82e92bfaedaf0ae943b9c35ee80b294aec82434b082d194bbe1dcc9c5296ed58
smooth_0007.json,308,cd033711145f7e166164d247dd6deccfa8ea377f1e874c051adc6054cbd8a284
smooth_0008.json,309,27d939ff1c4ef7be065f725c0a7a48077f8401ccf4d7ea0087b4f5111fe8be03
smooth_0009.json,310,07d6a460022fb4ff14469ba6ac4cbaa48620f60311c079fe52eee4aaf235d4af
smooth_0010.json,311,b7188d320f5aa28286a97ab972ffabc720e58442ef8fbd9505df2ee8c32b1e80
smooth_0011.json,312,f7043652c3e057962e02273703ea835f71b19e653e4de33630cdb001d0f2f1dd
smooth_0012.json,313,408b5b8a05a60f5c619b6c72829b6d63e772012b3069e305a5e6c4ad3f7cffd8
smooth_0013.json,314,791e0a20394064a720178e7d109a79fcf9f717a017dfddb34c314d94dc97d375
smooth_0014.json,315,093115bd85492db1d81fccee42ead2d67166b9f0b9dd21327dee31ef4e0a5eaf
smooth_0015.json,316,3157868d1f95f12d9accdd671e338710581dec278b8ec78bc467775f1bbec791
smooth_0016.json,317,118af2b24ecb3c0c3bc9daa640ba10c42688d3c214da18b9ce547835b16b3b2c
smooth_0017.json,318,0643d2a406513e8c765c4b94f70aa37eff27b424bf74efa29551d8c74c81ec27
smooth_0018.json,319,974237f06334086d311b43cf8ff9c817c0c2747a682a2174b90153696eed70a6
smooth_0019.json,320,14b140dd1e3d4daaf75e99faf5f257411a36ea265d8d66d3aad3fb232898109d
smooth_0020.json,321,77ab1f50c443e706bf2d734ada0f7a1043aae85d1f2ba369cd715a752895f177
smooth_0021.json,322,6c8df7f6eaed4154a254d5e293314a702729d472879b936db9eb3b6ebf490878
smooth_0022.json,323,806c25ee77d8fe8fd3e899888c7bc5d810d884f045100b574ad54fd4b8532789
smooth_0023.json,324,2c8ca7280e6630dc3de29b3b8531e950396a532d73ee95ef1abf31a4aafed9ba
smooth_0024.json,325,c1a8bb50f2abd465f86356fc95ae54332f8e7082f84c75b74a4c70478885e7d0
smooth_0025.json,326,510c27208c8406aa66da11e9a6d15f40221534a287a87b115e11cf35351f2bde
smooth_0026.json,327,ab0931a1dda7d9f1d5f02e0c5eb7e37aea705b9877581b6427234edcd47a34c9
smooth_0027.json,328,65a560ffcbc2931fd4ebadf225cc4d4d2096ae1ab78bafc74421f64454714183
smooth_0028.json,329,c40735362837c86d33f2476d165bcf1e7c8032d31c474f9405750f5232bf1a18
smooth_0029.json,330,61e1981366d47d11ae0db77406c65fabb398f724b735f73746c5a13af5cf140c
smooth_0030.json,331,1c6cdc390aa417b3342ef3e38015120be2ce7450ee62ac02d7357c8867209043
smooth_0031.json,332,de5fcd2f2f09c9091e4a6dbb5cd308fd2da38fb288a371457a8c5d8ac354a2e6
smooth_0032.json,333,fada2993eef05e9119000fdda7a48e21978ed1887a4966e79b81b368257880af
smooth_0033.json,334,7607af83251899560a2320fa3e174453c2d7c23895b9c287e74e619c784be527
smooth_0034.json,335,a167bfe8f48a7fd2cb6a29e800152c7fe36a6bec5da3515a625e05d4f1a90688
smooth_0035.json,336,d31b298d722d9948db5b7e578988ccdad5220c60a94fb098cbaa4f7bc0200e66
smooth_0036.json,337,85190aafd3938521b283e4d33075d7180c95bb7085558a40a26ff345575da50c
smooth_0037.json,338,61821fc646bcbb9bfe1245017d986ebab1c3c43bb865235ba3475898bfae5744
smooth_0038.json,339,0798e2356ba27f9b8cfc3bc25c3df6e51bdc9737c82e3c8fea55b4c60b16e0a3
smooth_0039.json,340,298f11eadd14403266256ffdefc27d3e62d14b52ede77374766667ad4e39057b
smooth_0040.json,341,df5ded8f87a4cfd854eb4c3a2a244101382549f004e85b30cdff7ed5c8d3464c
smooth_0041.json,342,2d14a46263e245006ec13dc23a1425881e29dc72f7525e34e2ef7cb19bf45e45
smooth_0042.json,343,d98bfeb8525390b9701d3726c3341fc0b83a7ed87848a969b8f97caac8d6ce9e
smooth_0043.json,344,62850cd69b3715ab05e8211cf95395b56496f740e3c79cd20a49479856b073fc
smooth_0044.json,345,3aaeb4d4262e4c710bd765575513dcc0387438a6f6f067bd2b49b7380011491d
smooth_0045.json,346,ab65e7d028ee4581ba1aa6e3982e168bee5c8bea02a1a12ea2d5c8171ceb2ed9
smooth_0046.json,347,5f61fa6e08454ecd6435ef116a49a6d277ba9048592ffe325b83ead77f592cff
smooth_0047.json,348,1772f679e1d209290cd35fe002c49599932b10567a68b5a4f88220d3d7d0cf54
smooth_0048.json,349,711d294ef287c1805532a79f83d4cb81ce362fd6a41b0a1566f25c7fc02b0241
smooth_0049.json,350,ec5e913a710164b817e7de8a07e28b85603774c25caebc628367760db47cdddb
smooth_0050.json,351,b1fcd52b8da72e1dc89e9d46083b563b6ee9afc62368c419ee55511fa4b15b24
smooth_0051.json,352,cdd0b70ec9dda953ca9cb83bf86ba9f03d2d3f42a6fac4252af04afc7d5c5788
smooth_0052.json,353,a0591570cccc4bc651b03a2380c0828b29923c2904640d70fe6a41dc9e37063d
smooth_0053.json,354,a453a848a8431744869d6d17470b33010468e5cb154c0053e0a3dd62aef8374e
smooth_0054.json,355,4d48cb82a5bc5049cbfee9c9d3fa34588f433d4d198b478a9e881659cd355773
smooth_0055.json,356,e6500c53ebdd8b5bd1239a3613b5ba6b281ef338c7887d1d3ca0aeadfbea4bf3
smooth_0056.json,357,7517322eb211ea4143a06a970b032b803ab3997a0517eeb2f12171d4893db2e4
smooth_0057.json,358,5867190e257275395320ec64aa2c128ec310534e92a71af394867b69dad61e36
smooth_0058.json,359,6b63850b22c0555023fce9ad5be499eb13dfa144ca5a9e65dc6348912e94206a
smooth_0059.json,360,f8783fe7471a58b79adba856f765f95aa47a87c7ae0ed4a66d2e1ce1e521cffb
smooth_0060.json,361,1fa360f9aad9ca5154f8104ace749005b8957d2b6cf030199436e71560bd8b13
smooth_0061.json,362,17e264769dbd58632f0e3ef746ecd2fb2215b731043398a7f198e90b7ba69dcb
smooth_0062.json,363,04f9f6bd1821d2e2da5cb33930a8a7bfdcbeb568eff47361b027f80981cbb0c4
smooth_0063.json,364,1a970f5b98a2aa4ba33aae023fd2ded0dd02c414ef884b379bd073546540abe6
smooth_0064.json,365,5a14f2e9d2922f0221a80f1ccacef9e07c01f3f96de277b1b421b779f2a81c8e
smooth_0065.json,366,f738f1732c42a96520b7043e3e9fddd4c08a5806a4335c3743e5ea57f567eee0
smooth_0066.json,367,18a09b5c2f1da32614f5d4dcb5a9733cab1cc30e78d1b2c9d024e6e8602fd7c8
smooth_0067.json,368,fcd74784591fb6203a2fc5a402a7bada3c79b24a58e6e2d4d9595063112da8da
smooth_0068.json,369,e82a835908b494f9b77ad1ee7e96eac05d7782af9f1c487dc0f1f11dc3ff80b5
smooth_0069.json,370,d389c3447d8d04588cff1944daab1fbc83a8384bd35f8dad5587475c1a2212ba
smooth_0070.json,371,43c6675505b73f130ebf1b4b8e1e8e8461c8e1eb65380b9b5439f537786334b0
smooth_0071.json,372,6fa195849412bd111cb5c0b633f588705604714d23095f4a9d7f91172503adf5
smooth_0072.json,373,76760367c5259a0251fc367ce680eb1e844262dd12f93bce335c344ff0fd003f
smooth_0073.json,374,a2036c1adf6cc41c4648d1149f5261e0e12d6f56c5caf68afd3f9f426896eb06
smooth_0074.json,375,f503f7c246af9b3273d0d8187cc0b1a674906117021385ae318f7817a1387643
smooth_0075.json,376,8cd14ac390ceafd87711a9a0e4f450d710c872b0e72f8a60d2a9fcec656e73de
smooth_0076.json,377,f0bf7085ec414377f0a7d307705b3dafdf585aeb3d9be20d418fca353df48af3
smooth_0077.json,378,04b72fad54a8eac589a7fe2db91dcbb99b54dfa9427d7b1b36244ed67661eeee
smooth_0078.json,379,6be8161c7aed265e6f2c817a37bcff4fed03d7b90da4324e0fa4198ed8e3af80
smooth_0079.json,380,d6c76ba33f49cc1160a6b86b844efc73e745a1db4a9bb2c7bfa9ab10266380e0
smooth_0080.json,381,53c988739e33d60047ae338906158fe6ed5856d692986363a10800cf6a6b4f3b
smooth_0081.json,382,fa81aa2eb09a36d0706cc5f20392c14e804c5c78541aab4aa2b6930e96aa6e8a
smooth_0082.json,383,c1116416400933d827edc58a1148fed0e0b2242cc91434ad1bb6fdda346ebaa2
smooth_0083.json,384,58e98486f05a155dcd7d5fb7ca0379ad8c112c4a4f0685006419eac5a4475340
smooth_0084.json,385,0db7bef07f3d65fe214e782290e02188b6559ea23b9b373dda7502824292ad03
smooth_0085.json,386,52615328b5ba17a847e2e8273120d14355ce4d244ba4c4ef0c9f76ad28913047
smooth_0086.json,387,65fa88f7f9f51582826d0372d3fe7e0e2a1f6784f237529a82daf23ccf7fa9e1
smooth_0087.json,388,27c280eea9b821300173fc62caa4e77ece2ba3674cad279299043fb938809f0e
smooth_0088.json,389,6237f2e9459e451cfc9b22d6e03ab669bec6c1cdf513fc0800f125ff229ffbd3
smooth_0089.json,390,defa2116f16f8d4484f7a85e2b8670bc9bf548e3873d835c24627684a865a7a8
smooth_0090.json,391,4b635485920acb7a372b33b0f0b6b8c8f8bc3ba3069a0ab06a20593ea3db8f43
smooth_0091.json,392,923e75488fea6e4afef5da1c7c8e0dfc6ab73f0185c4b48a09ba05fd2368eaa4
smooth_0092.json,393,06dc4214c0a78d386828377da13577ed757244f86abb720b5f4c6b842d46da46
smooth_0093.json,394,9c69f827eda6244f0056f8f382fb08a414f9d1aef37f48eeaa23b2c6ded8af9f
smooth_0094.json,395,77cb33ec25ca043b391c764ba7f4df496a26d178f5bc34407b3373ee2346cd23
smooth_0095.json,396,05feca1407245e3fe9dc810459d5a839d2a2844ca0482ba63539204f886498a0
smooth_0096.json,397,ffc03c5da31ef93d2f047c3057acaf6f5e0019167c9d4c31b795dc4d145705fd
smooth_0097.json,398,599fd6e1895eb1446d9bf0ac03fb6ba6f68b9390cfc36e33683c2c1c80d40f57
smooth_0098.json,399,f93a8fb49e00f49c3f6966fb96566ad245ddc5a0adaa52789afd22c6e8a8f805
smooth_0099.json,400,4ca4d10eaea97f5ba27924603059603666b045c419f3e96814b8241d33a3f090
weak_0000.json,401,c45ff4c8f32debb192f53c8a0418315e127f151ad2c8dbde83918f466005fb31
weak_0001.json,402,9655cffecee2cfca7843274d398c612bcb57acf4d589d87ae3ffbd22cf891f3a
weak_0002.json,403,51685066ad1d3fe93509703742549f87979c5edf45ab791b948d141069b1ffdd
weak_0003.json,404,c7c7ff0c97166e38562ec37ecc9e9d13c3e7e8e54a931c8b2a72d89d8e4ea829
weak_0004.json,405,d841dc5a8be8672e60c7857e45d0184375dba8097b52b6af9e49bce795580513
weak_0005.json,406,5109c66c17fb66d1ed92b736e7852fcdeffa0442f7c13ccc28cce0a7ffab54c6
weak_0006.json,407,014082f7f4e8272b1a2f47529ba2441af46708fb95e3ad22e705091bd2aea985
weak_0007.json,408,8fad4ad255f864d6faa51ddf36543f624930b4ee08263f6b9794c49ecc206411
weak_0008.json,409,f87f2d66bdc48a8be0a3c35150b2b830243268b445fb254bd7967f606b1bb03e
weak_0009.json,410,547bd05c619c5c6c62cd6c8b3f26ccf7e9f725839b16aa1261547f85f81798f9
weak_0010.json,411,e1cf36b0349b33f244f93d0f89014df7cbef58396e03f0203be5e0bd37a57e1c
weak_0011.json,412,3b25a5352022dae06e82abaea663b932b3124468eac5de48613518c4176fa024
weak_0012.json,413,3b08c262f584fccad1336fa760c89f531a21ba737416e3863986c15968adcff6
weak_0013.json,414,9fce79ad12ea5444e907918b0f92e886125d9c66de07c26ebf2d6fe65d73c7b2
weak_0014.json,415,278b590e0a7d91a7302648ab4db5d738011d3297375acfe4fb7753f01cb511c3
weak_0015.json,416,ccfd3cb1e283e4aa52fe508bf87d1f908f9851c9f44b8f0a3f33bd3bc577d3e9
weak_0016.json,417,de736f9f6e5f14b8e98dd0dd2984736b4fdaec525aa031c4dbd3165fafa9b88f
weak_0017.json,418,c49826230ec2fb8b315e1cfd11cacc219f4ca5870237eff9535ce8ecd6a68868
weak_0018.json,419,049ee643c96a06f3f5caa7ffa8039c8e4bb6ef1be31fb37739cfacd311ec22b6
weak_0019.json,420,487b8da49e6a98d5b8b9c125eb01a4eaba0d91ff3192066e6be1291c4ba75b21
weak_0020.json,421,3a98d713163ef0ec31ed5eb7be888ddb350e06fb06c96df9a2ba7a9406df4bf7
weak_0021.json,422,cf6cbbae2b0cb722568384aa4d604a441e52ed4006e1a9f01129db079611d598
weak_0022.json,423,b8675afd59171e84d6627c6b33a55c8bc15e5af96698c158efbbd15efb700d95
weak_0023.json,424,ef0067716a572926074dc880dfb13a06ea2c09b8e8f493470afc00fb29ab3837
weak_0024.json,425,0609965082d536fcd633c9d250c4fda7c583544dcd68a73a1d93c13f0b89f2e9
weak_0025.json,426,d705754ed0105389b98e2e9017095cd5612db4464d748e154bfc7fc648c974b1
weak_0026.json,427,bc2fb670abbb6220f06dbd4b307db565ce554a3fc85c78cf6f2f1cb962266a94
weak_0027.json,428,250907b37ade46c6b5aecb1d4348e3de95ce8f8a805d22c15e72e102276303a4
weak_0028.json,429,d50f2107fd8af73ab2c3a5e83d3d40e8ef8ae9cabe0215816782f7d9c14d19ae
weak_0029.json,430,c4d9fdb573ad1614c31793b6920b77621d31135364826b2e17ae121d063a4fc9
weak_0030.json,431,2bb53f506b258deffbb0add2931a8ad8384a4267f5aee631cab4f6e234a17b00
weak_0031.json,432,1287c471077ee3e598eea426dc263d35b58116bdf36b471a2638dd3029750aa4
weak_0032.json,433,8b4a0256b0a71057b4d8bfe10f423060f5f5e6e21f3b7b6e2f69fcb612f9189e
weak_0033.json,434,830880672c6f9297699f70b2f94eab2bcc46c9c3886788b51c9fb000b73f7775
weak_0034.json,435,209815b2631c56b514d6a1e12d7e88115a216ab2e8842e024642372beab946cb
weak_0035.json,436,1827f8d915b022acda8fc50ebfe98d6f3fe97775b4f0abb78c8f93a93df545d5
weak_0036.json,437,d598c527abcf190c7d2fd0157c4c25504dbd0b88f92731141e0ea9293cb36f38
weak_0037.json,438,73d63ff69801346a21f77530d02d25a6f15c229f94437e4aadedfd52b9718c5a
weak_0038.json,439,fd59e9fb9b849a339ffeb79d1cd7f1440ade2d520e9e4a355a75f8bc38fd9ca8
weak_0039.json,440,31f7a73d11c407c5c2cb8cb9d0c0e8064706238b0cc0c77adc7288c491011834
weak_0040.json,441,8b6445778956f7472e43d6280be87c79c41232944655f5e51a25a46c44fabb51
weak_0041.json,442,4ffc3f707fa28160a84a7892f3cb6b6faa9804aac0fac0584fe4b8e684b51ac3
weak_0042.json,443,fcc0f5362354e8f5b2fa1850ada78e0f9ea4967af32efaf806f1e6c069342e7f
weak_0043.json,444,d7872297212131d9a0f263aa8879153f35d76359cf88fe8aa621879fac68c1c1
weak_0044.json,445,65ce36597f74aa643bf70a90a96a27402f77204c3d6f0c01aafd418179ee6627
weak_0045.json,446,a60371419b926e80cd0fb35124aa3a3744e0644ebcc62faaba25650232926182
weak_0046.json,447,8d1a33063e08ae495365d62eb2145eff9bbf5e5fb7f8b7b5df9aba1a0d79fbe5
weak_0047.json,448,5b2042b81b6e7448e6ca53357b1e9a6208e3c634699a375c9a6ec635abe92c4b
weak_0048.json,449,216216fefcafd2ba7807fa2c0a1e10e6ca3ac92eff5604750cc86459d5a227f4
weak_0049.json,450,a4197d234b0287dde2343b8fa0641d8bbe2c3fd113b32a324cef9c94ce9a5fc4
weak_0050.json,451,d56fea9886bb24912cde42b6dfe2420769e6a7c124d347556f5c1c04196656ac
weak_0051.json,452,7626f289f2a2175e8a35c9d522dd81a05460d16bdf009752e31afb4c62beecba
weak_0052.json,453,2c2e228abdeecc095afaba347ba3dd80c348f92f8ecefab3588460d5497cc316
weak_0053.json,454,fd09c8f300a306b045b777ccdfe2bab25c30e90dbb82e73d66cb749e336c39e7
weak_0054.json,455,82f675fd461ddc8698ccfdd35a0dd84d855e5d419602344b0dcb99044850a290
weak_0055.json,456,9ab73d45adb7faf59869cd8a6fdcf7453bdd8a208f0cd3c649fd8a6042e6b78f
weak_0056.json,457,4d2a43686f662192e1513bdf16ad04aaeee11a7f26cb96570faa7b5288588eda
weak_0057.json,458,af9e1fc0c3e40c57d97357c21bf10da5b64c473988ccbd0a544c0e85811ca3dd
weak_0058.json,459,61dbd4205b90a2c9d1f492a024daafeefcf8ae178b0e8c2b0ca04fbc92856a84
weak_0059.json,460,3d27a0296648e5ec814307984d55a7d238f8a22f83d116ad568a8a801b1e1a4d
weak_0060.json,461,49b731e7f6c187eeb04d21f0bb070c16174e3d515a40fe07238f061db46fd968
weak_0061.json,462,dd2d788cbdc7cff8c00f84af38f592ae7a22f3cf8be687c905a39707b0052103
weak_0062.json,463,1e938eefa4f8a60de4a06fc6124b72f5b609bd2567a36975cd14425a97b5e431
weak_0063.json,464,f089c7c0113454039f9878e11e1de98caf65398e7874ec0dc0ff472e5824479d
weak_0064.json,465,e5362d4f55620552187980b9d5551371090180e241fb3fe6ab1660ddc9dd49a8
weak_0065.json,466,aef3369b96e1baecb9df6ad41a35dbd3bcf3d2dc2d4c2c62145cab83edb0784d
weak_0066.json,467,76b29afffe3023c6aad51dd9c7e3a2d41eb3cf469c85df006aaac2d313af0ef0
weak_0067.json,468,513fbbbfdacc3b1094168eae4c035c7a14a261b7cea523e04be3b02d8992b9f1
weak_0068.json,469,80e5acea1461206650ec4805425f96834d7ee2080a85ff7d57675553e8cc23e5
weak_0069.json,470,3970b195f99adec3ef5a55ed3baa8fd23c7a0017fc6d5317bab9dfe28b0b521e
weak_0070.json,471,fa797728496578c088ed23ecceb33e655268ea72eff0867cddc91038533e4076
weak_0071.json,472,15fec2e8c7b0085142fd21a590af1560fc96932b5591a13f20761d161b61a5f5
weak_0072.json,473,e323babf2ad70194bda47ccc4d41bbfdec72268c7bb2243a8c32e34e57b8ff22
weak_0073.json,474,ac34f2a190789c80784be83f6b31ed30c5c0072d1ac5760706e9baac4f3dbc67
weak_0074.json,475,fc1347d4a43b9a015833ff6fa57f7351051748dd543474eced07d8f555fe0c94
weak_0075.json,476,66f73e2c3ce1b983ffcff52c24540447bca67c3dc8f10b01207057f905c4cb13
weak_0076.json,477,1f81fd8261e6a3f31630a4f002b33e88596284cf37220ed709b507e1b6455b65
weak_0077.json,478,06c89d1454dec6f6be23b2e84af97f41a854c7ff188bd60b7be43880cbcd3100
weak_0078.json,479,cb19ec2434be21470ea2afa384dcec43a27619e8d06c025d5d2c584499b57801
weak_0079.json,480,1c7027623c88aa2a8e783d0243aa9fa0d3538d8aa3ae52054c32ec6d3b192311
weak_0080.json,481,0a9344a4a99a047bbfe4674bf3b3f328c52893a6417990a3d31abfa84925d516
weak_0081.json,482,29528ca967a333d2c7dc3691696f6617c800f6622c7bd78be3aeada183e34eea
weak_0082.json,483,ca63e37fc5a5ef9d01fe915843c5bc300bd35908c7757f02c42f6068f134db0e
weak_0083.json,484,86a31291460a253de2d7fdc6b2d58a6919de1da5925a41c4448441b05f9b8774
weak_0084.json,485,21e53aad27f7c67d16625e18b4c17039396b64964f7069849b4ad11f715f88e2
weak_0085.json,486,2425d8e4c91cda3d4c42d1598a83534a5351c0fb140d1961858d80d2abebf785
weak_0086.json,487,95ebb3003a6c465601adeb699671836a70443810a9be1fd2e0f29afd4e96da36
weak_0087.json,488,a62498c19866bc9fb58f7a472e0fedfd5f955c26143216f9d7f117dde730ebeb
weak_0088.json,489,b7e87da76c037c6827d0136269b9e9f2a3600e656fce2aaeb63792cc5ced6118
weak_0089.json,490,fcbce6ccfd5d72b558fd7f2e0032799ff70b22aeb2f55dcabc851337eed09857
weak_0090.json,491,8c348b4ad39f0c2bbe584a9945987765e8e3bd83cf392fcb54a43902b43c6a3b
weak_0091.json,492,ee06014b7cadce3520a97ca4a200842db7c6b3ac3b52437cacf40aab3afc9f22
weak_0092.json,493,97f19ac0e084678df0cbe5101e2bb7b32ea27e9894d5b1410cee7665d72b2fdb
weak_0093.json,494,416dc4b7e848f527bc71b213ec6c26f19ada4cdce1f36ae6024b32dc0c8dea86
weak_0094.json,495,ee8a7aadfd0b4fc77fdff0b6be984fc636f7a8eb7a327510a2cd8a31c09fc86f
weak_0095.json,496,1807676b1df387279cf5e5065518234b29da85cbee16dac6486c706b1d7de682
weak_0096.json,497,c5d46adbeba3bcee555689c432e53d658a368ebb87c3e3205f3718e73a4c6714
weak_0097.json,498,41dbbd95f6450b9f2deebc864f7bf64b283af3f7406a5452d72a9231d76521bd
weak_0098.json,499,b913166a74a004d04e7fd3ea93f9c508e0e410f6ff16c3999c41af307b29ca3b
weak_0099.json,500,d581dd497319f8963fcc3c403af2776ca349b79c8169aac7b3c2ceb786a42839
zero_0000.json,501,fb50eb2896cad2d7cb322e9c6d75905d793167541b74df7edb9f1fb770551708
zero_0001.json,502,3ed38576eb131ddb2a8b1f625cd59b44e8c7b7be721fba4e52f8d9888da861ce
zero_0002.json,503,638b3e0428a22da970fad25d557aae5cd036ea03327e885f1dfd94c979fe4d5a
zero_0003.json,504,d707c6d989f3c6eec627c4777e9fab4e6407aad42a4f7e37e977088e72b377af
zero_0004.json,505,d8868a39c810a18452748c69dec6c1b90286a204030edae17c428775c920d72c
zero_0005.json,506,4c02242d021c948a98ef64fe14268d2763a86967a5b0c225d3d38952804d33a9
zero_0006.json,507,8465f9a548df18042656db906a82c40621173d1c13098bc5c05d7bfe60370317
zero_0007.json,508,19e0aad4282daf2904948274c0e2c3d848d3eb92a90932049e2e79db3a2c2a99
zero_0008.json,509,7612ac0e41120ccba8ca1f9748bdf6298e77c3761d4b104e3aa3a6633ae57c0f
zero_0009.json,510,c9d81246c2f23667436239789c432baa607f0ac31b835288b530f28ef53c3c1c
zero_0010.json,511,498dff13e17eb46094f10691b63688e4687d255335d0173217c4bbfa7790c661
zero_0011.json,512,14af06bacc8f47601a9973f722f5e74e0ede7e121c32cf965160c7bd8082c84b
zero_0012.json,513,92e05de8f0f56760d4bb7ae85a781582787268063c9cbd831a61ec0f7ed0e042
zero_0013.json,514,1048ad513a31eec5362ead85596ab56124f1967fe1ac640778cfc23827dc7076
zero_0014.json,515,31ac067ff38cd94e6c97b06b4c00f9d31748e5786929855da396bb1cf4edb4fa
zero_0015.json,516,88132d0e7f7910cf75725a4878a226d9abf4641d7f56228117859a13d6954a51
zero_0016.json,517,744ecd0cb4b560477e736789cfa97ce2ffab839a43a38c9bd2bade4327e8cbb9
zero_0017.json,518,c5ca668318b17a24044889db809ad1b067a322846765ad6a288459be77b3a090
zero_0018.json,519,d2510f67ee9eb94d46fe81a5bf0c97f045f5f24546c1dd5dbe050cf22566ca68
zero_0019.json,520,7c0ad75963685fe0e51e9a0f415c68915e2ffba736a3e3f6b4c1271ebc133d4e
zero_0020.json,521,c57c4b071b179571fac952b7edf3075957e4e89e41a105a79cae5738a4485158
zero_0021.json,522,fa5da1f1f79052c7904813ce1f097a127ebbdf2e49029218c3539e2973d190b7
zero_0022.json,523,1cc3533fbe576350e57f504e54116c61f053837ff40e3fd67b6eb13027611e1d
zero_0023.json,524,40a876dc21d985351c3c354460ebadb5cd84041131d66d5324749491c7122b84
zero_0024.json,525,04bc625cbb1bc4212d700931778af51e77633ed091ff009d323ab2ba94650a96
zero_0025.json,526,0dd7c0a88d225f3e00b552ded82782b3a119557e39431d6e502f594477516f29
zero_0026.json,527,ebfc4fe25777a79fe9ca6d004b0975e8ccd414bc638e713723e7fb34add69bf7
zero_0027.json,528,ba00cb79f2e77fb153f924ff848d28ee14dcfc1032413f1b7493cdcd4432ab97
zero_0028.json,529,f0684e05bc90a567e882ab25512b388b896a63d78d961137439fa56ccbbd7045
zero_0029.json,530,a82f77f2e6e703c5efc3002d0c62a1a77fe00848b126833cc6687f6233da2213
zero_0030.json,531,05ca856f22db031f391b78de5701f9e6b801e58daecb68aa1310725ac1e0c050
zero_0031.json,532,01207609886b29da3e7265bac4cd9e62027275d5851c3aff46aba26eea00c279
zero_0032.json,533,2e9640feb718e137245e1b28da15c9ff04c85d140c964486b67db39df3bfe095
zero_0033.json,534,b0912af43c6eb11c9ae316b8c1eb6c992bdc85a2e8dcf1bc1c078e49f0be08bf
zero_0034.json,535,27b8519166ecafb0a475fab538acce4ba6470f2b7f86ecd45bd91ce9a87609ae
zero_0035.json,536,be85ba3cc13fea669768fff8ec732a5f9f9968ca829f52091e5902a27bbd2f3c
zero_0036.json,537,0ef8ebf34971d6c8fb30830f14b5249271572aa537026bc60047359e8b4b8796
zero_0037.json,538,e983ddbd7342fa1eea7d3ff53b48360d0da24c6042fb692a386438b49b3e9988
zero_0038.json,539,4fcc79716e67226d2a9c93666190c0b6cb2388ca2bb1d3ffef420ee02e0da975
zero_0039.json,540,1526860257ece7e401ad35e78dda10137b6310dc2d9c02e18266d2ee13c7e260
zero_0040.json,541,ba279d4f0d1f2649710e4c64288efb84f79dd027dbe82df4bec137e8789a6ba3
zero_0041.json,542,77a15ccfff93baad8254239149dd7e74d0522ffbc0e7dbee7c7260872bd92f1f
zero_0042.json,543,5af0b7f29e0128810f86454ac77d4fa8dc9927871a4f058bd34b7839a043bb73
zero_0043.json,544,ca854f1cf9f6781d66002db88fc27e9b184b25bbd1c02fea124dff50862c3e90
zero_0044.json,545,54d22aa0360f1eb9c493ce832c8e6720831af0f50baf6f4340146a0104f512d9
zero_0045.json,546,7820e7c389c19ef363967e079a17ab66a040fe93435f7c98ec50614b9a47911f
zero_0046.json,547,fe21cc80fd0d2bec2df79a12b7277a29361d1c3d5f40fcb1381c0a6a9daf05a0
zero_0047.json,548,c4b44aef5a193dd6bf53370519ebb2b913954d1180576536772ad1d9301bb78e
zero_0048.json,549,aa4c88e755603eb5eb21e5482e2c2ebf68d2361b05b3819ebc2a0f5e44c4eea8
zero_0049.json,550,26047531dd7b369dbfc9d5f678f1d1e732a85b204ff29ed7947d114f488364f9
zero_0050.json,551,13325740208625e18074678dc02a7c3b06c8207e7d4c9dd09994c89ee4093e83
zero_0051.json,552,8155ffdbce3deb00287385e64bbf09014217773813494aa9cc34e98961448720
zero_0052.json,553,402b60597613dab67f86a7c3bfa4b952f540217d9e9f4833f683025b7b564c4e
zero_0053.json,554,5895af83a510486c123a0930abc62a192068fb011ffb0464155b9051f611c03f
zero_0054.json,555,f32dd3e5cf04abc79b7515d6c98ee1092a63b3bafb1f8af002d3ed1fcf13d0d5
zero_0055.json,556,213c09d43e4442be7cf7abfb9c15e8851782b92863875fca4a37a44ad0b66b9c
zero_0056.json,557,3840646aad45bfdece0b66985de0630622defb99f73fda7f7d41c3c6fb25a17f
zero_0057.json,558,5be13a4e281c2a64a81e13ef5418754ea3d91568483b9818155a806c51bfbe06
zero_0058.json,559,6d65fa30fa6ad38cb11c30fe3e3a18ab785a581f70c02c744c56da1b88b78248
zero_0059.json,560,bd013dd4d36304b6e753d0acb3bebdfcf147c9fd2b7dffaec9c5534dc0868bb0
zero_0060.json,561,b81220fadf99406f7ffd8a3ca97f71f00f2ee6f7bcf4f4dd272fedb5826d4016
zero_0061.json,562,1fc5dfe614f69aaf9aa827aaf8d0713e0da38fdd60623f291f6e512398cbc9d6
zero_0062.json,563,0374d974c10572f3860bd9845f61870ca21b858deedd953bf1dec599376ab089
zero_0063.json,564,e14020b3ce4cdfe0bbac41cd57a60821371380b963cb76f737eb6eb168dde89d
zero_0064.json,565,269fadbc6aa0cd481fb82f85ab8aca8298d9633e3fa2cf4e07f24b9d7248a6ef
zero_0065.json,566,98ad3ecaf382772abe17c55f87d9731367a72de55f2c8888135327f876623484
zero_0066.json,567,c5816ee5ca54ae9048a4dbc2c27a993481c90a78477a4cfcb0b6e62aa73fdd0f
zero_0067.json,568,671630a064c7afee4dbc97351f7b2d6fcb9ab6218c75ff7917d72b958f03eb67
zero_0068.json,569,8200a0ee988edad6afcde1835b809f3e44725cb7599234dcd62c242161fef231
zero_0069.json,570,274840dfc9243477662b37e923dacf07c3e34d9d67d7300df5db3661c1347f1e
zero_0070.json,571,5317ad7afbb4fa0569cc669d2f45e3d1a30eaf19de6b7cfdadcfeee051f87a35
zero_0071.json,572,2f577b45514fa244873826a51514bf0d65b6d2175905e2c025ccf85f8837ea31
zero_0072.json,573,d04aca4d9e19cadd5296d9579555be0766e1065c1faa518f468c2e9dd8086513
zero_0073.json,574,f9d2a7488a51055f9a0bf236e5b01e9417e1d0954c5dad71c6efa5ac439a2dff
zero_0074.json,575,59c622024d5f3457bd962ade3058f71fd832664ab4fb7a3590db7b3411d55ecc
zero_0075.json,576,4ac5ff4cf88664eddea23902e86cf4fd9e6373fd45446764ebb31c4cc5e8df65
zero_0076.json,577,5a5a1c05803bd9d0f789ffb255f00c4665e16cac00c1398a990d4d6b5d1fe4f1
zero_0077.json,578,fc98b58777ed0e80d2834dce2c5f79c8643c78e72a894027e69301bb3e199283
zero_0078.json,579,361da2bffeb2fff609ff2843b3cfa799dec26e8554157d07c5f54cf4570fa58b
zero_0079.json,580,78785d542693d8b00bea0978ec9eaa7d9d500916617e90655d82a51d14e34991
zero_0080.json,581,2b42cd542167bb8ce13f5262f14100af9386a2da5cd39c95e7f8461135ce7b3a
zero_0081.json,582,b8d2c6e4aa3508a582c9b5f3da8ad790db58f751289ff0ce0a55f7abbc2b95bf
zero_0082.json,583,1d8288488f5315d129c70a4d67ab3d0c134d38329bf5daef0794914115c9a8b4
zero_0083.json,584,a884736c232ce4569d0af0ab9f57a749585a95a1defe0cbcd23973ff28dd6e14
zero_0084.json,585,ea246bae115ef661eb4dcddcb625bb199db7e1e7b6fae93da9f7413b73b40691
zero_0085.json,586,2fe66d4959aab4a75a7fbce444949ff0c5383487f5c5b2fec8cfebba544f553a
zero_0086.json,587,ec726b751c4f9e6df56e05c2dbae48314ef22a0ef51e53cc8caaf9669b7aff17
zero_0087.json,588,ed8b4878130e486a90b4677f2b2a56c627e3dc867f03ec6d71e3d502e0728e14
zero_0088.json,589,6a4f27a7ce8132512a8f989cfae68a9ad5232290ab422584d7b0dd5d6d986c97
zero_0089.json,590,5f3cb9b2f37bebaf196f9b92d2daed000fe908b2a1c5a8129db06f65b2f0f9d5
zero_0090.json,591,0a2e0d074646696ba5dba3a2d082e76d33fcab79ddcd7f211975c9a97a937f9a
zero_0091.json,592,8187fc99c7a3dfa8a34d7ec7ba5bfdce7aa43371e609070f78eab246f3cd1cdf
zero_0092.json,593,5510941be3bb755e0cd0dea8aa16e1b04fe7fa0e64dc27ddf6dd65f956873f36
zero_0093.json,594,d877c2b3d026e21201c03c4a7797bbceb1b33c0e3aab77ad53baca365f523890
zero_0094.json,595,477355cb0e4c647b9fe08c02e48cc22d2c9f69f1cad75f88ee44bccb4d4f1791
zero_0095.json,596,a8593009c0f98ac7bb809d3680a55dc5f588c7541ac7e074434782df114fb95a
zero_0096.json,597,9960098d4e94bfb3af06a00f2f86e3da8f3f4d88fc0571fa31e48b2826ad9014
zero_0097.json,598,da7d7536f9e38842ceebe51bd8bac1b2244b33904e8ea89e52e5966e7bc0b536
zero_0098.json,599,1e31187d1e13fe6f0e1ab5915820a9e7f128aa42dc3b8dd88e1502175bdf46de
zero_0099.json,600,fff8bbf26c17156d0297428ddd751d14f945f395f048b1e2eb2acc4c64cb5a5b
