scenario,replicate,method,completed,diagnostics_passed,seconds
linear,0,unadjusted,True,True,0.0031722402200102806
linear,0,linear_ancova,True,True,0.0006985953077673912
linear,0,spline_ancova,True,True,0.0007548006251454353
linear,0,longbet_direct,True,True,39.781581269577146
linear,1,unadjusted,True,True,0.0035183820873498917
linear,1,linear_ancova,True,True,0.0010111629962921143
linear,1,spline_ancova,True,True,0.001003788784146309
linear,1,longbet_direct,True,True,39.83961928635836
linear,2,unadjusted,True,True,0.004392025992274284
linear,2,linear_ancova,True,True,0.0010338062420487404
linear,2,spline_ancova,True,True,0.0012578964233398438
linear,2,longbet_direct,True,True,38.786907258443534
linear,3,unadjusted,True,True,0.004265527240931988
linear,3,linear_ancova,True,True,0.0011977041140198708
linear,3,spline_ancova,True,True,0.0014106649905443192
linear,3,longbet_direct,True,True,40.77946399245411
linear,4,unadjusted,True,True,0.004312976263463497
linear,4,linear_ancova,True,True,0.0011957809329032898
linear,4,spline_ancova,True,True,0.0012031635269522667
linear,4,longbet_direct,True,True,37.04989567492157
linear,5,unadjusted,True,True,0.0044419411569833755
linear,5,linear_ancova,True,True,0.0010542739182710648
linear,5,spline_ancova,True,True,0.0013043945655226707
linear,5,longbet_direct,True,False,40.49518718570471
linear,6,unadjusted,True,True,0.003994228318333626
linear,6,linear_ancova,True,True,0.0011343453079462051
linear,6,spline_ancova,True,True,0.001290818676352501
linear,6,longbet_direct,True,False,39.06684743799269
linear,7,unadjusted,True,True,0.00249558687210083
linear,7,linear_ancova,True,True,0.0005494244396686554
linear,7,spline_ancova,True,True,0.0007554227486252785
linear,7,longbet_direct,True,True,38.00880274362862
linear,8,unadjusted,True,True,0.0021744221448898315
linear,8,linear_ancova,True,True,0.0006896080449223518
linear,8,spline_ancova,True,True,0.0007695890963077545
linear,8,longbet_direct,True,True,40.22404994349927
linear,9,unadjusted,True,True,0.00428940262645483
linear,9,linear_ancova,True,True,0.0008356627076864243
linear,9,spline_ancova,True,True,0.001200057566165924
linear,9,longbet_direct,True,True,38.37917745858431
linear,10,unadjusted,True,True,0.0029549505561590195
linear,10,linear_ancova,True,True,0.0007155975326895714
linear,10,spline_ancova,True,True,0.0009042723104357719
linear,10,longbet_direct,True,True,36.311102259904146
linear,11,unadjusted,True,True,0.0036635352298617363
linear,11,linear_ancova,True,True,0.0009272461757063866
linear,11,spline_ancova,True,True,0.0014670006930828094
linear,11,longbet_direct,True,True,39.19162970688194
linear,12,unadjusted,True,True,0.004009225405752659
linear,12,linear_ancova,True,True,0.0008699372410774231
linear,12,spline_ancova,True,True,0.001305687241256237
linear,12,longbet_direct,True,True,40.04078189842403
linear,13,unadjusted,True,True,0.002404053695499897
linear,13,linear_ancova,True,True,0.000517694279551506
linear,13,spline_ancova,True,True,0.000682855024933815
linear,13,longbet_direct,True,True,38.97899434622377
linear,14,unadjusted,True,True,0.0025644665583968163
linear,14,linear_ancova,True,True,0.0007031429558992386
linear,14,spline_ancova,True,True,0.0007574949413537979
linear,14,longbet_direct,True,True,38.88685664255172
linear,15,unadjusted,True,True,0.004057005047798157
linear,15,linear_ancova,True,True,0.0016451776027679443
linear,15,spline_ancova,True,True,0.00119694322347641
linear,15,longbet_direct,True,True,38.881571114994586
linear,16,unadjusted,True,True,0.004545685835182667
linear,16,linear_ancova,True,True,0.0009304415434598923
linear,16,spline_ancova,True,True,0.0012730462476611137
linear,16,longbet_direct,True,True,40.64190301299095
linear,17,unadjusted,True,True,0.0025469930842518806
linear,17,linear_ancova,True,True,0.0005612373352050781
linear,17,spline_ancova,True,True,0.0007983120158314705
linear,17,longbet_direct,True,True,37.3935174504295
linear,18,unadjusted,True,True,0.003402252681553364
linear,18,linear_ancova,True,True,0.0008088024333119392
linear,18,spline_ancova,True,True,0.0011790096759796143
linear,18,longbet_direct,True,True,38.20035569462925
linear,19,unadjusted,True,True,0.0034952377900481224
linear,19,linear_ancova,True,True,0.0008183596655726433
linear,19,spline_ancova,True,True,0.0013618925586342812
linear,19,longbet_direct,True,True,40.51777196396142
linear,20,unadjusted,True,True,0.0023514656350016594
linear,20,linear_ancova,True,True,0.0005253786221146584
linear,20,spline_ancova,True,True,0.0007245438173413277
linear,20,longbet_direct,True,True,39.84619803726673
linear,21,unadjusted,True,True,0.0038013234734535217
linear,21,linear_ancova,True,True,0.0008542174473404884
linear,21,spline_ancova,True,True,0.0012407144531607628
linear,21,longbet_direct,True,True,40.228498665615916
linear,22,unadjusted,True,True,0.004257642664015293
linear,22,linear_ancova,True,True,0.000775589607656002
linear,22,spline_ancova,True,True,0.0012961998581886292
linear,22,longbet_direct,True,True,39.09844878129661
linear,23,unadjusted,True,True,0.0034571662545204163
linear,23,linear_ancova,True,True,0.0008552493527531624
linear,23,spline_ancova,True,True,0.0012550316751003265
linear,23,longbet_direct,True,False,37.054460352286696
linear,24,unadjusted,True,True,0.0023215701803565025
linear,24,linear_ancova,True,True,0.00054152961820364
linear,24,spline_ancova,True,True,0.0007033431902527809
linear,24,longbet_direct,True,True,38.28164157923311
linear,25,unadjusted,True,True,0.0035344716161489487
linear,25,linear_ancova,True,True,0.0009078178554773331
linear,25,spline_ancova,True,True,0.0011980542913079262
linear,25,longbet_direct,True,False,39.08105319365859
linear,26,unadjusted,True,True,0.003772890195250511
linear,26,linear_ancova,True,True,0.0007949462160468102
linear,26,spline_ancova,True,True,0.0013866908848285675
linear,26,longbet_direct,True,True,40.18732578493655
linear,27,unadjusted,True,True,0.003260255791246891
linear,27,linear_ancova,True,True,0.0009689833968877792
linear,27,spline_ancova,True,True,0.0010402072221040726
linear,27,longbet_direct,True,True,40.12836473342031
linear,28,unadjusted,True,True,0.002200791612267494
linear,28,linear_ancova,True,True,0.0006161397323012352
linear,28,spline_ancova,True,True,0.0010945303365588188
linear,28,longbet_direct,True,True,41.773776864632964
linear,29,unadjusted,True,True,0.0022233445197343826
linear,29,linear_ancova,True,True,0.0005390550941228867
linear,29,spline_ancova,True,True,0.0008545266464352608
linear,29,longbet_direct,True,True,38.39145568665117
linear,30,unadjusted,True,True,0.003548126667737961
linear,30,linear_ancova,True,True,0.0008326470851898193
linear,30,spline_ancova,True,True,0.0012126816436648369
linear,30,longbet_direct,True,True,39.76348170917481
linear,31,unadjusted,True,True,0.003804589621722698
linear,31,linear_ancova,True,True,0.0009686928242444992
linear,31,spline_ancova,True,True,0.0013836845755577087
linear,31,longbet_direct,True,True,42.085629056207836
linear,32,unadjusted,True,True,0.0029995152726769447
linear,32,linear_ancova,True,True,0.0006652018055319786
linear,32,spline_ancova,True,True,0.0008962554857134819
linear,32,longbet_direct,True,True,38.065180545672774
linear,33,unadjusted,True,True,0.0022589508444070816
linear,33,linear_ancova,True,True,0.0005561476573348045
linear,33,spline_ancova,True,True,0.0007567042484879494
linear,33,longbet_direct,True,True,38.816419096663594
linear,34,unadjusted,True,True,0.002999955788254738
linear,34,linear_ancova,True,True,0.0009732712060213089
linear,34,spline_ancova,True,True,0.00125814788043499
linear,34,longbet_direct,True,True,37.759343896992505
linear,35,unadjusted,True,True,0.003653394989669323
linear,35,linear_ancova,True,True,0.0008199438452720642
linear,35,spline_ancova,True,True,0.0015930384397506714
linear,35,longbet_direct,True,True,40.785231054760516
linear,36,unadjusted,True,True,0.0035790856927633286
linear,36,linear_ancova,True,True,0.0008867485448718071
linear,36,spline_ancova,True,True,0.0013314848765730858
linear,36,longbet_direct,True,True,37.80314204655588
linear,37,unadjusted,True,True,0.003284570761024952
linear,37,linear_ancova,True,True,0.000875396654009819
linear,37,spline_ancova,True,True,0.0012488402426242828
linear,37,longbet_direct,True,True,39.73540190141648
linear,38,unadjusted,True,True,0.003624130040407181
linear,38,linear_ancova,True,True,0.0008619921281933784
linear,38,spline_ancova,True,True,0.0013590184971690178
linear,38,longbet_direct,True,False,39.575765636749566
linear,39,unadjusted,True,True,0.003772009164094925
linear,39,linear_ancova,True,True,0.0007479377090930939
linear,39,spline_ancova,True,True,0.0010650241747498512
linear,39,longbet_direct,True,True,40.375386487692595
linear,40,unadjusted,True,True,0.002352737821638584
linear,40,linear_ancova,True,True,0.0005299672484397888
linear,40,spline_ancova,True,True,0.000872521661221981
linear,40,longbet_direct,True,True,38.558116894215345
linear,41,unadjusted,True,True,0.0035555996000766754
linear,41,linear_ancova,True,True,0.0008636647835373878
linear,41,spline_ancova,True,True,0.0012371484190225601
linear,41,longbet_direct,True,True,40.03876805771142
linear,42,unadjusted,True,True,0.0039053689688444138
linear,42,linear_ancova,True,True,0.0009859055280685425
linear,42,spline_ancova,True,True,0.0012074019759893417
linear,42,longbet_direct,True,True,38.57269560452551
linear,43,unadjusted,True,True,0.0035426951944828033
linear,43,linear_ancova,True,True,0.0008458318188786507
linear,43,spline_ancova,True,True,0.0013905372470617294
linear,43,longbet_direct,True,True,39.23708450142294
linear,44,unadjusted,True,True,0.0033799707889556885
linear,44,linear_ancova,True,True,0.0008331183344125748
linear,44,spline_ancova,True,True,0.001338358037173748
linear,44,longbet_direct,True,True,38.18701563216746
linear,45,unadjusted,True,True,0.0033587096258997917
linear,45,linear_ancova,True,True,0.0010822471231222153
linear,45,spline_ancova,True,True,0.001394202932715416
linear,45,longbet_direct,True,True,41.353602199815214
linear,46,unadjusted,True,True,0.0021451152861118317
linear,46,linear_ancova,True,True,0.0006981436163187027
linear,46,spline_ancova,True,True,0.0007738359272480011
linear,46,longbet_direct,True,True,39.558840496465564
linear,47,unadjusted,True,True,0.003518860787153244
linear,47,linear_ancova,True,True,0.0005781082436442375
linear,47,spline_ancova,True,True,0.0008569527417421341
linear,47,longbet_direct,True,True,38.24527955520898
linear,48,unadjusted,True,True,0.0031077181920409203
linear,48,linear_ancova,True,True,0.000758366659283638
linear,48,spline_ancova,True,True,0.0010354593396186829
linear,48,longbet_direct,True,True,37.43020361289382
linear,49,unadjusted,True,True,0.0034228209406137466
linear,49,linear_ancova,True,True,0.0009150626137852669
linear,49,spline_ancova,True,True,0.0018703499808907509
linear,49,longbet_direct,True,True,41.18097220920026
linear,50,unadjusted,True,True,0.0034849978983402252
linear,50,linear_ancova,True,True,0.0007996633648872375
linear,50,spline_ancova,True,True,0.001202092505991459
linear,50,longbet_direct,True,True,39.450567663647234
linear,51,unadjusted,True,True,0.0034071411937475204
linear,51,linear_ancova,True,True,0.0009385962039232254
linear,51,spline_ancova,True,True,0.0013785939663648605
linear,51,longbet_direct,True,True,40.508211898617446
linear,52,unadjusted,True,True,0.0027606748044490814
linear,52,linear_ancova,True,True,0.0005832575261592865
linear,52,spline_ancova,True,True,0.0007586972787976265
linear,52,longbet_direct,True,True,38.584778267890215
linear,53,unadjusted,True,True,0.0036560604348778725
linear,53,linear_ancova,True,True,0.000885295681655407
linear,53,spline_ancova,True,True,0.0014451397582888603
linear,53,longbet_direct,True,True,39.06081780511886
linear,54,unadjusted,True,True,0.0037571797147393227
linear,54,linear_ancova,True,True,0.0009079379960894585
linear,54,spline_ancova,True,True,0.001274016685783863
linear,54,longbet_direct,True,True,40.048783785663545
linear,55,unadjusted,True,True,0.0036656074225902557
linear,55,linear_ancova,True,True,0.0011339839547872543
linear,55,spline_ancova,True,True,0.0013370756059885025
linear,55,longbet_direct,True,True,37.75511077232659
linear,56,unadjusted,True,True,0.003425215370953083
linear,56,linear_ancova,True,True,0.000959835946559906
linear,56,spline_ancova,True,True,0.0013041440397500992
linear,56,longbet_direct,True,False,38.563454455696046
linear,57,unadjusted,True,True,0.003507540561258793
linear,57,linear_ancova,True,True,0.000810905359685421
linear,57,spline_ancova,True,True,0.0012653619050979614
linear,57,longbet_direct,True,True,40.32827538438141
linear,58,unadjusted,True,True,0.003571700304746628
linear,58,linear_ancova,True,True,0.0011787591502070427
linear,58,spline_ancova,True,True,0.0012780744582414627
linear,58,longbet_direct,True,True,39.16153332963586
linear,59,unadjusted,True,True,0.002181064337491989
linear,59,linear_ancova,True,True,0.0006467271596193314
linear,59,spline_ancova,True,True,0.0007795458659529686
linear,59,longbet_direct,True,True,41.53620455227792
linear,60,unadjusted,True,True,0.0021462077274918556
linear,60,linear_ancova,True,True,0.0006909798830747604
linear,60,spline_ancova,True,True,0.0008120378479361534
linear,60,longbet_direct,True,True,40.912202689796686
linear,61,unadjusted,True,True,0.003783990629017353
linear,61,linear_ancova,True,True,0.0009270748123526573
linear,61,spline_ancova,True,True,0.0014402400702238083
linear,61,longbet_direct,True,True,37.0985960168764
linear,62,unadjusted,True,True,0.004643096588551998
linear,62,linear_ancova,True,True,0.0009917570278048515
linear,62,spline_ancova,True,True,0.0012187529355287552
linear,62,longbet_direct,True,False,40.03420715685934
linear,63,unadjusted,True,True,0.0037828683853149414
linear,63,linear_ancova,True,True,0.0023468565195798874
linear,63,spline_ancova,True,True,0.0013776011765003204
linear,63,longbet_direct,True,True,41.33698693756014
linear,64,unadjusted,True,True,0.002432427369058132
linear,64,linear_ancova,True,True,0.000794876366853714
linear,64,spline_ancova,True,True,0.0008674021810293198
linear,64,longbet_direct,True,True,38.586564945057034
linear,65,unadjusted,True,True,0.002412419766187668
linear,65,linear_ancova,True,True,0.0006464365869760513
linear,65,spline_ancova,True,True,0.0008865687996149063
linear,65,longbet_direct,True,True,39.81282486207783
linear,66,unadjusted,True,True,0.004251190461218357
linear,66,linear_ancova,True,True,0.0008689044043421745
linear,66,spline_ancova,True,True,0.001270601525902748
linear,66,longbet_direct,True,True,40.52125504333526
linear,67,unadjusted,True,True,0.0035164663568139076
linear,67,linear_ancova,True,True,0.0007825223729014397
linear,67,spline_ancova,True,True,0.0014073774218559265
linear,67,longbet_direct,True,True,40.76239633560181
linear,68,unadjusted,True,True,0.0038576386868953705
linear,68,linear_ancova,True,True,0.0007888544350862503
linear,68,spline_ancova,True,True,0.001224534586071968
linear,68,longbet_direct,True,True,41.521479113958776
linear,69,unadjusted,True,True,0.0043341051787137985
linear,69,linear_ancova,True,True,0.0008481657132506371
linear,69,spline_ancova,True,True,0.001281149685382843
linear,69,longbet_direct,True,True,39.472552275285125
linear,70,unadjusted,True,True,0.003529611974954605
linear,70,linear_ancova,True,True,0.0008680224418640137
linear,70,spline_ancova,True,True,0.0012668641284108162
linear,70,longbet_direct,True,True,40.94805158022791
linear,71,unadjusted,True,True,0.0022613657638430595
linear,71,linear_ancova,True,True,0.0007127514109015465
linear,71,spline_ancova,True,True,0.0011918321251869202
linear,71,longbet_direct,True,True,39.71671427320689
linear,72,unadjusted,True,True,0.0043432218953967094
linear,72,linear_ancova,True,True,0.0011130347847938538
linear,72,spline_ancova,True,True,0.001424551010131836
linear,72,longbet_direct,True,True,39.685626429505646
linear,73,unadjusted,True,True,0.0034052571281790733
linear,73,linear_ancova,True,True,0.0009927377104759216
linear,73,spline_ancova,True,True,0.0012313667684793472
linear,73,longbet_direct,True,True,40.33106554206461
linear,74,unadjusted,True,True,0.0036087501794099808
linear,74,linear_ancova,True,True,0.0011452753096818924
linear,74,spline_ancova,True,True,0.0012992238625884056
linear,74,longbet_direct,True,True,37.22185454983264
linear,75,unadjusted,True,True,0.003640289418399334
linear,75,linear_ancova,True,True,0.00101541168987751
linear,75,spline_ancova,True,True,0.001420482061803341
linear,75,longbet_direct,True,True,39.22861030418426
linear,76,unadjusted,True,True,0.003629520535469055
linear,76,linear_ancova,True,True,0.0008675223216414452
linear,76,spline_ancova,True,True,0.0012964792549610138
linear,76,longbet_direct,True,True,39.33215845376253
linear,77,unadjusted,True,True,0.003719317726790905
linear,77,linear_ancova,True,True,0.0009287083521485329
linear,77,spline_ancova,True,True,0.0014055445790290833
linear,77,longbet_direct,True,True,38.76623346749693
linear,78,unadjusted,True,True,0.0023402925580739975
linear,78,linear_ancova,True,True,0.0005803415551781654
linear,78,spline_ancova,True,True,0.0007863901555538177
linear,78,longbet_direct,True,True,39.03065723925829
linear,79,unadjusted,True,True,0.00286775641143322
linear,79,linear_ancova,True,True,0.0006105685606598854
linear,79,spline_ancova,True,True,0.0008225282654166222
linear,79,longbet_direct,True,True,40.49396958015859
linear,80,unadjusted,True,True,0.003300810232758522
linear,80,linear_ancova,True,True,0.0008482662960886955
linear,80,spline_ancova,True,True,0.0014211144298315048
linear,80,longbet_direct,True,True,38.83436115644872
linear,81,unadjusted,True,True,0.0032096393406391144
linear,81,linear_ancova,True,True,0.0008981991559267044
linear,81,spline_ancova,True,True,0.0012884745374321938
linear,81,longbet_direct,True,False,40.60296260379255
linear,82,unadjusted,True,True,0.002545769326388836
linear,82,linear_ancova,True,True,0.0005450360476970673
linear,82,spline_ancova,True,True,0.000695318914949894
linear,82,longbet_direct,True,True,38.591506191529334
linear,83,unadjusted,True,True,0.0028713131323456764
linear,83,linear_ancova,True,True,0.0007302146404981613
linear,83,spline_ancova,True,True,0.0014516022056341171
linear,83,longbet_direct,True,True,40.63639352656901
linear,84,unadjusted,True,True,0.003777657635509968
linear,84,linear_ancova,True,True,0.0009330157190561295
linear,84,spline_ancova,True,True,0.0013771504163742065
linear,84,longbet_direct,True,True,40.38735453784466
linear,85,unadjusted,True,True,0.0029989825561642647
linear,85,linear_ancova,True,True,0.0009151417762041092
linear,85,spline_ancova,True,True,0.0010338155552744865
linear,85,longbet_direct,True,True,38.7740613212809
linear,86,unadjusted,True,True,0.0027299057692289352
linear,86,linear_ancova,True,True,0.0007160073146224022
linear,86,spline_ancova,True,True,0.0008577946573495865
linear,86,longbet_direct,True,False,40.14931030664593
linear,87,unadjusted,True,True,0.009546312503516674
linear,87,linear_ancova,True,True,0.000611109659075737
linear,87,spline_ancova,True,True,0.0007505537942051888
linear,87,longbet_direct,True,True,40.84681721031666
linear,88,unadjusted,True,True,0.0039648208767175674
linear,88,linear_ancova,True,True,0.0009336657822132111
linear,88,spline_ancova,True,True,0.0014968058094382286
linear,88,longbet_direct,True,False,37.41010947711766
linear,89,unadjusted,True,True,0.0020718686282634735
linear,89,linear_ancova,True,True,0.0007035238668322563
linear,89,spline_ancova,True,True,0.0008079502731561661
linear,89,longbet_direct,True,False,38.02160938363522
linear,90,unadjusted,True,True,0.003718125633895397
linear,90,linear_ancova,True,True,0.0009268438443541527
linear,90,spline_ancova,True,True,0.0011257687583565712
linear,90,longbet_direct,True,True,39.335672062821686
linear,91,unadjusted,True,True,0.0034078117460012436
linear,91,linear_ancova,True,True,0.0009215539321303368
linear,91,spline_ancova,True,True,0.0013104360550642014
linear,91,longbet_direct,True,True,36.67695152387023
linear,92,unadjusted,True,True,0.0030128788203001022
linear,92,linear_ancova,True,True,0.0009158728644251823
linear,92,spline_ancova,True,True,0.0011027054861187935
linear,92,longbet_direct,True,True,39.426484818570316
linear,93,unadjusted,True,True,0.0033719344064593315
linear,93,linear_ancova,True,True,0.001147748902440071
linear,93,spline_ancova,True,True,0.0012125009670853615
linear,93,longbet_direct,True,True,40.830452538095415
linear,94,unadjusted,True,True,0.002954930067062378
linear,94,linear_ancova,True,True,0.0006413459777832031
linear,94,spline_ancova,True,True,0.0007815100252628326
linear,94,longbet_direct,True,True,38.818942829966545
linear,95,unadjusted,True,True,0.002633855678141117
linear,95,linear_ancova,True,True,0.0005494635552167892
linear,95,spline_ancova,True,True,0.0009148623794317245
linear,95,longbet_direct,True,False,38.53533440362662
linear,96,unadjusted,True,True,0.003611695021390915
linear,96,linear_ancova,True,True,0.0008940026164054871
linear,96,spline_ancova,True,True,0.0011905301362276077
linear,96,longbet_direct,True,False,40.19376892969012
linear,97,unadjusted,True,True,0.002356414683163166
linear,97,linear_ancova,True,True,0.0007169293239712715
linear,97,spline_ancova,True,True,0.0007441993802785873
linear,97,longbet_direct,True,True,39.25805419124663
linear,98,unadjusted,True,True,0.003545360639691353
linear,98,linear_ancova,True,True,0.0008539771661162376
linear,98,spline_ancova,True,True,0.0013045147061347961
linear,98,longbet_direct,True,True,39.25720031373203
linear,99,unadjusted,True,True,0.002162739634513855
linear,99,linear_ancova,True,True,0.0005879662930965424
linear,99,spline_ancova,True,True,0.0008294899016618729
linear,99,longbet_direct,True,False,40.77902195416391
smooth,0,unadjusted,True,True,0.002091134898364544
smooth,0,linear_ancova,True,True,0.0006859414279460907
smooth,0,spline_ancova,True,True,0.0008312631398439407
smooth,0,longbet_direct,True,True,37.92994618229568
smooth,1,unadjusted,True,True,0.00330148171633482
smooth,1,linear_ancova,True,True,0.000804864801466465
smooth,1,spline_ancova,True,True,0.0008354922756552696
smooth,1,longbet_direct,True,True,38.57860338501632
smooth,2,unadjusted,True,True,0.003569916822016239
smooth,2,linear_ancova,True,True,0.0009849928319454193
smooth,2,spline_ancova,True,True,0.0012916410341858864
smooth,2,longbet_direct,True,False,41.092239551246166
smooth,3,unadjusted,True,True,0.003939472138881683
smooth,3,linear_ancova,True,True,0.0012294230982661247
smooth,3,spline_ancova,True,True,0.0013300934806466103
smooth,3,longbet_direct,True,True,40.55916367843747
smooth,4,unadjusted,True,True,0.0021718470379710197
smooth,4,linear_ancova,True,True,0.0006483299657702446
smooth,4,spline_ancova,True,True,0.0008856663480401039
smooth,4,longbet_direct,True,True,39.792190314270556
smooth,5,unadjusted,True,True,0.0027196770533919334
smooth,5,linear_ancova,True,True,0.000631868839263916
smooth,5,spline_ancova,True,True,0.0007881531491875648
smooth,5,longbet_direct,True,True,40.776836201548576
smooth,6,unadjusted,True,True,0.00234310794621706
smooth,6,linear_ancova,True,True,0.0005310690030455589
smooth,6,spline_ancova,True,True,0.0007024025544524193
smooth,6,longbet_direct,True,True,39.409084404818714
smooth,7,unadjusted,True,True,0.003972354345023632
smooth,7,linear_ancova,True,True,0.0011437619104981422
smooth,7,spline_ancova,True,True,0.0013685347512364388
smooth,7,longbet_direct,True,True,40.16591919399798
smooth,8,unadjusted,True,True,0.003399426117539406
smooth,8,linear_ancova,True,True,0.0008642161265015602
smooth,8,spline_ancova,True,True,0.0013497984036803246
smooth,8,longbet_direct,True,True,37.26355783920735
smooth,9,unadjusted,True,True,0.002282555215060711
smooth,9,linear_ancova,True,True,0.0006518764421343803
smooth,9,spline_ancova,True,True,0.0007383394986391068
smooth,9,longbet_direct,True,False,39.33383414428681
smooth,10,unadjusted,True,True,0.003121783956885338
smooth,10,linear_ancova,True,True,0.00058034248650074
smooth,10,spline_ancova,True,True,0.0007510129362344742
smooth,10,longbet_direct,True,True,38.76803645119071
smooth,11,unadjusted,True,True,0.002277976833283901
smooth,11,linear_ancova,True,True,0.0006066020578145981
smooth,11,spline_ancova,True,True,0.000831974670290947
smooth,11,longbet_direct,True,True,39.564970187842846
smooth,12,unadjusted,True,True,0.002283085137605667
smooth,12,linear_ancova,True,True,0.000816715881228447
smooth,12,spline_ancova,True,True,0.001325884833931923
smooth,12,longbet_direct,True,True,38.380413526669145
smooth,13,unadjusted,True,True,0.0034462139010429382
smooth,13,linear_ancova,True,True,0.0009422330185770988
smooth,13,spline_ancova,True,True,0.0011404259130358696
smooth,13,longbet_direct,True,True,38.11166008468717
smooth,14,unadjusted,True,True,0.003427838906645775
smooth,14,linear_ancova,True,True,0.0008893925696611404
smooth,14,spline_ancova,True,True,0.0012928824871778488
smooth,14,longbet_direct,True,True,37.406597207300365
smooth,15,unadjusted,True,True,0.003459618426859379
smooth,15,linear_ancova,True,True,0.0009473422542214394
smooth,15,spline_ancova,True,True,0.0011986056342720985
smooth,15,longbet_direct,True,True,37.77390200924128
smooth,16,unadjusted,True,True,0.003401299938559532
smooth,16,linear_ancova,True,True,0.000888441689312458
smooth,16,spline_ancova,True,True,0.0011620856821537018
smooth,16,longbet_direct,True,True,38.67058512195945
smooth,17,unadjusted,True,True,0.0036919862031936646
smooth,17,linear_ancova,True,True,0.0010288665071129799
smooth,17,spline_ancova,True,True,0.001512325368821621
smooth,17,longbet_direct,True,True,38.89925662241876
smooth,18,unadjusted,True,True,0.003457656130194664
smooth,18,linear_ancova,True,True,0.0008358927443623543
smooth,18,spline_ancova,True,True,0.001382630318403244
smooth,18,longbet_direct,True,True,41.17827331274748
smooth,19,unadjusted,True,True,0.003921078518033028
smooth,19,linear_ancova,True,True,0.0010673785582184792
smooth,19,spline_ancova,True,True,0.0015195589512586594
smooth,19,longbet_direct,True,True,40.368632016703486
smooth,20,unadjusted,True,True,0.003343219868838787
smooth,20,linear_ancova,True,True,0.0011584190651774406
smooth,20,spline_ancova,True,True,0.001683947630226612
smooth,20,longbet_direct,True,True,39.137479349039495
smooth,21,unadjusted,True,True,0.0026428718119859695
smooth,21,linear_ancova,True,True,0.0005571693181991577
smooth,21,spline_ancova,True,True,0.0008292114362120628
smooth,21,longbet_direct,True,True,38.10468188021332
smooth,22,unadjusted,True,True,0.0024886028841137886
smooth,22,linear_ancova,True,True,0.0005058906972408295
smooth,22,spline_ancova,True,True,0.0006922129541635513
smooth,22,longbet_direct,True,True,40.19395453110337
smooth,23,unadjusted,True,True,0.0040792440995574
smooth,23,linear_ancova,True,True,0.0009126169607043266
smooth,23,spline_ancova,True,True,0.0013440083712339401
smooth,23,longbet_direct,True,True,38.570239468477666
smooth,24,unadjusted,True,True,0.0037184953689575195
smooth,24,linear_ancova,True,True,0.0009568510577082634
smooth,24,spline_ancova,True,True,0.0013764994218945503
smooth,24,longbet_direct,True,True,40.19023673143238
smooth,25,unadjusted,True,True,0.0034766411408782005
smooth,25,linear_ancova,True,True,0.0008906656876206398
smooth,25,spline_ancova,True,True,0.0011818334460258484
smooth,25,longbet_direct,True,True,39.210200446657836
smooth,26,unadjusted,True,True,0.0034599900245666504
smooth,26,linear_ancova,True,True,0.0005599847063422203
smooth,26,spline_ancova,True,True,0.000827547162771225
smooth,26,longbet_direct,True,True,39.05167584866285
smooth,27,unadjusted,True,True,0.0023023225367069244
smooth,27,linear_ancova,True,True,0.0006496720016002655
smooth,27,spline_ancova,True,True,0.0007964987307786942
smooth,27,longbet_direct,True,True,38.430130143649876
smooth,28,unadjusted,True,True,0.0024556396529078484
smooth,28,linear_ancova,True,True,0.0006688889116048813
smooth,28,spline_ancova,True,True,0.0008567012846469879
smooth,28,longbet_direct,True,True,42.85912509076297
smooth,29,unadjusted,True,True,0.0035509513691067696
smooth,29,linear_ancova,True,True,0.0008541271090507507
smooth,29,spline_ancova,True,True,0.0014925096184015274
smooth,29,longbet_direct,True,True,37.97713385988027
smooth,30,unadjusted,True,True,0.0026634009554982185
smooth,30,linear_ancova,True,True,0.0006990544497966766
smooth,30,spline_ancova,True,True,0.0007771318778395653
smooth,30,longbet_direct,True,True,38.802501402795315
smooth,31,unadjusted,True,True,0.003404085524380207
smooth,31,linear_ancova,True,True,0.000961650162935257
smooth,31,spline_ancova,True,True,0.0011956598609685898
smooth,31,longbet_direct,True,True,38.48457379452884
smooth,32,unadjusted,True,True,0.00328819639980793
smooth,32,linear_ancova,True,True,0.0008868882432579994
smooth,32,spline_ancova,True,True,0.0012295236811041832
smooth,32,longbet_direct,True,True,38.58918276429176
smooth,33,unadjusted,True,True,0.0033800993114709854
smooth,33,linear_ancova,True,True,0.0010170135647058487
smooth,33,spline_ancova,True,True,0.0014218641445040703
smooth,33,longbet_direct,True,False,40.05030111409724
smooth,34,unadjusted,True,True,0.0035774102434515953
smooth,34,linear_ancova,True,True,0.000905994325876236
smooth,34,spline_ancova,True,True,0.0014049848541617393
smooth,34,longbet_direct,True,True,39.653185800649226
smooth,35,unadjusted,True,True,0.0036216741427779198
smooth,35,linear_ancova,True,True,0.0008210744708776474
smooth,35,spline_ancova,True,True,0.0013796649873256683
smooth,35,longbet_direct,True,True,39.67468189634383
smooth,36,unadjusted,True,True,0.0037712063640356064
smooth,36,linear_ancova,True,True,0.0010637519881129265
smooth,36,spline_ancova,True,True,0.001411505974829197
smooth,36,longbet_direct,True,True,40.38505578413606
smooth,37,unadjusted,True,True,0.0037083271890878677
smooth,37,linear_ancova,True,True,0.0009397482499480247
smooth,37,spline_ancova,True,True,0.0013483772054314613
smooth,37,longbet_direct,True,True,39.719353151507676
smooth,38,unadjusted,True,True,0.004114741459488869
smooth,38,linear_ancova,True,True,0.0009307209402322769
smooth,38,spline_ancova,True,True,0.0010947901755571365
smooth,38,longbet_direct,True,True,38.93832975253463
smooth,39,unadjusted,True,True,0.0033267494291067123
smooth,39,linear_ancova,True,True,0.0008997330442070961
smooth,39,spline_ancova,True,True,0.0012457137927412987
smooth,39,longbet_direct,True,False,41.57318924088031
smooth,40,unadjusted,True,True,0.004417601972818375
smooth,40,linear_ancova,True,True,0.0010031675919890404
smooth,40,spline_ancova,True,True,0.0011073434725403786
smooth,40,longbet_direct,True,True,39.52792223729193
smooth,41,unadjusted,True,True,0.0036635622382164
smooth,41,linear_ancova,True,True,0.0008885320276021957
smooth,41,spline_ancova,True,True,0.001387130469083786
smooth,41,longbet_direct,True,True,40.41571521293372
smooth,42,unadjusted,True,True,0.0035420339554548264
smooth,42,linear_ancova,True,True,0.0008471142500638962
smooth,42,spline_ancova,True,True,0.001202331855893135
smooth,42,longbet_direct,True,True,39.77017456572503
smooth,43,unadjusted,True,True,0.007315914146602154
smooth,43,linear_ancova,True,True,0.0010981671512126923
smooth,43,spline_ancova,True,True,0.001590801402926445
smooth,43,longbet_direct,True,True,36.45697997137904
smooth,44,unadjusted,True,True,0.0033330610021948814
smooth,44,linear_ancova,True,True,0.0008843336254358292
smooth,44,spline_ancova,True,True,0.001361532136797905
smooth,44,longbet_direct,True,True,39.64711395651102
smooth,45,unadjusted,True,True,0.0037940582260489464
smooth,45,linear_ancova,True,True,0.0010164221748709679
smooth,45,spline_ancova,True,True,0.0014828694984316826
smooth,45,longbet_direct,True,True,39.119490038603544
smooth,46,unadjusted,True,True,0.002740294672548771
smooth,46,linear_ancova,True,True,0.0005566980689764023
smooth,46,spline_ancova,True,True,0.0007480587810277939
smooth,46,longbet_direct,True,True,38.38204272836447
smooth,47,unadjusted,True,True,0.0035997526720166206
smooth,47,linear_ancova,True,True,0.0009169848635792732
smooth,47,spline_ancova,True,True,0.0012607825919985771
smooth,47,longbet_direct,True,True,37.578906937502325
smooth,48,unadjusted,True,True,0.00351870059967041
smooth,48,linear_ancova,True,True,0.0010191882029175758
smooth,48,spline_ancova,True,True,0.0012441407889127731
smooth,48,longbet_direct,True,True,41.07676261011511
smooth,49,unadjusted,True,True,0.0022086743265390396
smooth,49,linear_ancova,True,True,0.000706840306520462
smooth,49,spline_ancova,True,True,0.0009382842108607292
smooth,49,longbet_direct,True,True,37.913997361436486
smooth,50,unadjusted,True,True,0.003572770394384861
smooth,50,linear_ancova,True,True,0.0009514512494206429
smooth,50,spline_ancova,True,True,0.0012646103277802467
smooth,50,longbet_direct,True,True,41.03069648332894
smooth,51,unadjusted,True,True,0.0034073209390044212
smooth,51,linear_ancova,True,True,0.0010015536099672318
smooth,51,spline_ancova,True,True,0.0012232819572091103
smooth,51,longbet_direct,True,True,41.22791203763336
smooth,52,unadjusted,True,True,0.0038572978228330612
smooth,52,linear_ancova,True,True,0.0008547371253371239
smooth,52,spline_ancova,True,True,0.0012574661523103714
smooth,52,longbet_direct,True,True,38.87032596208155
smooth,53,unadjusted,True,True,0.0031010154634714127
smooth,53,linear_ancova,True,True,0.0008896933868527412
smooth,53,spline_ancova,True,True,0.001216718927025795
smooth,53,longbet_direct,True,True,40.41366038378328
smooth,54,unadjusted,True,True,0.0031948313117027283
smooth,54,linear_ancova,True,True,0.0008757570758461952
smooth,54,spline_ancova,True,True,0.0011858409270644188
smooth,54,longbet_direct,True,True,39.82240936066955
smooth,55,unadjusted,True,True,0.003939582034945488
smooth,55,linear_ancova,True,True,0.0009418008849024773
smooth,55,spline_ancova,True,True,0.0014920467510819435
smooth,55,longbet_direct,True,True,38.0101617667824
smooth,56,unadjusted,True,True,0.0028370684012770653
smooth,56,linear_ancova,True,True,0.0006125317886471748
smooth,56,spline_ancova,True,True,0.0007092347368597984
smooth,56,longbet_direct,True,True,38.20016519166529
smooth,57,unadjusted,True,True,0.0038581490516662598
smooth,57,linear_ancova,True,True,0.0008993018418550491
smooth,57,spline_ancova,True,True,0.0016235942021012306
smooth,57,longbet_direct,True,True,39.61403432209045
smooth,58,unadjusted,True,True,0.0035479962825775146
smooth,58,linear_ancova,True,True,0.0009139692410826683
smooth,58,spline_ancova,True,True,0.0012072715908288956
smooth,58,longbet_direct,True,True,38.765452886000276
smooth,59,unadjusted,True,True,0.0025094011798501015
smooth,59,linear_ancova,True,True,0.0006283214315772057
smooth,59,spline_ancova,True,True,0.0008282586932182312
smooth,59,longbet_direct,True,True,40.33009784761816
smooth,60,unadjusted,True,True,0.002311538904905319
smooth,60,linear_ancova,True,True,0.0006479285657405853
smooth,60,spline_ancova,True,True,0.0007288409397006035
smooth,60,longbet_direct,True,True,37.36904542054981
smooth,61,unadjusted,True,True,0.0033170711249113083
smooth,61,linear_ancova,True,True,0.000985453836619854
smooth,61,spline_ancova,True,True,0.0013208147138357162
smooth,61,longbet_direct,True,True,41.244800799526274
smooth,62,unadjusted,True,True,0.0034365160390734673
smooth,62,linear_ancova,True,True,0.0008690152317285538
smooth,62,spline_ancova,True,True,0.0013453112915158272
smooth,62,longbet_direct,True,True,40.22796176280826
smooth,63,unadjusted,True,True,0.0034426869824528694
smooth,63,linear_ancova,True,True,0.0008153542876243591
smooth,63,spline_ancova,True,True,0.0013017496094107628
smooth,63,longbet_direct,True,True,36.89493768289685
smooth,64,unadjusted,True,True,0.0024206433445215225
smooth,64,linear_ancova,True,True,0.0006050979718565941
smooth,64,spline_ancova,True,True,0.0009140102192759514
smooth,64,longbet_direct,True,True,39.43650919571519
smooth,65,unadjusted,True,True,0.0028983931988477707
smooth,65,linear_ancova,True,True,0.0006344541907310486
smooth,65,spline_ancova,True,True,0.0008334880694746971
smooth,65,longbet_direct,True,False,40.63121635746211
smooth,66,unadjusted,True,True,0.0023681558668613434
smooth,66,linear_ancova,True,True,0.0007328083738684654
smooth,66,spline_ancova,True,True,0.0008713304996490479
smooth,66,longbet_direct,True,True,40.816561109386384
smooth,67,unadjusted,True,True,0.003403223119676113
smooth,67,linear_ancova,True,True,0.0008760076016187668
smooth,67,spline_ancova,True,True,0.001236114650964737
smooth,67,longbet_direct,True,True,39.38916068058461
smooth,68,unadjusted,True,True,0.00472404807806015
smooth,68,linear_ancova,True,True,0.0008355816826224327
smooth,68,spline_ancova,True,True,0.0009867269545793533
smooth,68,longbet_direct,True,True,37.72864609956741
smooth,69,unadjusted,True,True,0.002409573644399643
smooth,69,linear_ancova,True,True,0.0009409403428435326
smooth,69,spline_ancova,True,True,0.000943334773182869
smooth,69,longbet_direct,True,True,36.76343290414661
smooth,70,unadjusted,True,True,0.0022537102922797203
smooth,70,linear_ancova,True,True,0.0006279619410634041
smooth,70,spline_ancova,True,True,0.0008135717362165451
smooth,70,longbet_direct,True,True,38.654219324700534
smooth,71,unadjusted,True,True,0.0026755742728710175
smooth,71,linear_ancova,True,True,0.0005406979471445084
smooth,71,spline_ancova,True,True,0.0007702279835939407
smooth,71,longbet_direct,True,True,39.41853029560298
smooth,72,unadjusted,True,True,0.0036147404462099075
smooth,72,linear_ancova,True,True,0.0009344881400465965
smooth,72,spline_ancova,True,True,0.0012914100661873817
smooth,72,longbet_direct,True,True,38.93728291802108
smooth,73,unadjusted,True,True,0.003424322232604027
smooth,73,linear_ancova,True,True,0.0006953282281756401
smooth,73,spline_ancova,True,True,0.0008920785039663315
smooth,73,longbet_direct,True,True,39.460680142976344
smooth,74,unadjusted,True,True,0.0027681589126586914
smooth,74,linear_ancova,True,True,0.0007708491757512093
smooth,74,spline_ancova,True,True,0.0010167025029659271
smooth,74,longbet_direct,True,True,37.80534799769521
smooth,75,unadjusted,True,True,0.0024344604462385178
smooth,75,linear_ancova,True,True,0.0005989065393805504
smooth,75,spline_ancova,True,True,0.0008652582764625549
smooth,75,longbet_direct,True,True,39.538239972665906
smooth,76,unadjusted,True,True,0.003367125056684017
smooth,76,linear_ancova,True,True,0.0008727004751563072
smooth,76,spline_ancova,True,True,0.0012425277382135391
smooth,76,longbet_direct,True,True,39.592578331939876
smooth,77,unadjusted,True,True,0.0034568142145872116
smooth,77,linear_ancova,True,True,0.0007668836042284966
smooth,77,spline_ancova,True,True,0.00138897355645895
smooth,77,longbet_direct,True,True,40.080760698765516
smooth,78,unadjusted,True,True,0.0033799391239881516
smooth,78,linear_ancova,True,True,0.0010152896866202354
smooth,78,spline_ancova,True,True,0.001304464414715767
smooth,78,longbet_direct,True,True,40.44590537529439
smooth,79,unadjusted,True,True,0.0036533940583467484
smooth,79,linear_ancova,True,True,0.0008362941443920135
smooth,79,spline_ancova,True,True,0.0011718347668647766
smooth,79,longbet_direct,True,True,40.54137601517141
smooth,80,unadjusted,True,True,0.003122505731880665
smooth,80,linear_ancova,True,True,0.0007691970095038414
smooth,80,spline_ancova,True,True,0.0010779378935694695
smooth,80,longbet_direct,True,True,37.92527332250029
smooth,81,unadjusted,True,True,0.0035592271015048027
smooth,81,linear_ancova,True,True,0.0008329572156071663
smooth,81,spline_ancova,True,True,0.001401836983859539
smooth,81,longbet_direct,True,True,39.25101831648499
smooth,82,unadjusted,True,True,0.0022396333515644073
smooth,82,linear_ancova,True,True,0.000571785494685173
smooth,82,spline_ancova,True,True,0.0008922871202230453
smooth,82,longbet_direct,True,True,38.093042832799256
smooth,83,unadjusted,True,True,0.00366420391947031
smooth,83,linear_ancova,True,True,0.0008923579007387161
smooth,83,spline_ancova,True,True,0.0015039090067148209
smooth,83,longbet_direct,True,True,38.526482925750315
smooth,84,unadjusted,True,True,0.003501417115330696
smooth,84,linear_ancova,True,True,0.000913107767701149
smooth,84,spline_ancova,True,True,0.0012619635090231895
smooth,84,longbet_direct,True,True,39.883681065402925
smooth,85,unadjusted,True,True,0.003583732061088085
smooth,85,linear_ancova,True,True,0.0008744159713387489
smooth,85,spline_ancova,True,True,0.001325884833931923
smooth,85,longbet_direct,True,True,40.497842573560774
smooth,86,unadjusted,True,True,0.0025730906054377556
smooth,86,linear_ancova,True,True,0.0007199253886938095
smooth,86,spline_ancova,True,True,0.001051538623869419
smooth,86,longbet_direct,True,True,40.13571421708912
smooth,87,unadjusted,True,True,0.0020469408482313156
smooth,87,linear_ancova,True,True,0.0007133418694138527
smooth,87,spline_ancova,True,True,0.0008389884606003761
smooth,87,longbet_direct,True,True,40.52945572976023
smooth,88,unadjusted,True,True,0.002319304272532463
smooth,88,linear_ancova,True,True,0.0005667256191372871
smooth,88,spline_ancova,True,True,0.0007296726107597351
smooth,88,longbet_direct,True,True,37.691256023943424
smooth,89,unadjusted,True,True,0.003715931437909603
smooth,89,linear_ancova,True,True,0.0006529595702886581
smooth,89,spline_ancova,True,True,0.0008560298010706902
smooth,89,longbet_direct,True,True,40.74045601859689
smooth,90,unadjusted,True,True,0.003467373549938202
smooth,90,linear_ancova,True,True,0.0008681528270244598
smooth,90,spline_ancova,True,True,0.001393381506204605
smooth,90,longbet_direct,True,True,39.49776844680309
smooth,91,unadjusted,True,True,0.0037192273885011673
smooth,91,linear_ancova,True,True,0.0008421139791607857
smooth,91,spline_ancova,True,True,0.0012759305536746979
smooth,91,longbet_direct,True,True,41.06554764509201
smooth,92,unadjusted,True,True,0.003857577219605446
smooth,92,linear_ancova,True,True,0.0009896224364638329
smooth,92,spline_ancova,True,True,0.0012229010462760925
smooth,92,longbet_direct,True,True,38.67697053775191
smooth,93,unadjusted,True,True,0.0021300408989191055
smooth,93,linear_ancova,True,True,0.0005207201465964317
smooth,93,spline_ancova,True,True,0.0007823631167411804
smooth,93,longbet_direct,True,True,39.6574587225914
smooth,94,unadjusted,True,True,0.005304606631398201
smooth,94,linear_ancova,True,True,0.0010936586186289787
smooth,94,spline_ancova,True,True,0.00135063286870718
smooth,94,longbet_direct,True,True,38.493803817778826
smooth,95,unadjusted,True,True,0.002222754992544651
smooth,95,linear_ancova,True,True,0.0005911625921726227
smooth,95,spline_ancova,True,True,0.0008698180317878723
smooth,95,longbet_direct,True,True,38.39578364696354
smooth,96,unadjusted,True,True,0.003107922151684761
smooth,96,linear_ancova,True,True,0.0005574906244874001
smooth,96,spline_ancova,True,True,0.0011529205366969109
smooth,96,longbet_direct,True,True,41.08200815320015
smooth,97,unadjusted,True,True,0.0022808341309428215
smooth,97,linear_ancova,True,True,0.000558079220354557
smooth,97,spline_ancova,True,True,0.0007342733442783356
smooth,97,longbet_direct,True,True,40.67249747272581
smooth,98,unadjusted,True,True,0.0025555919855833054
smooth,98,linear_ancova,True,True,0.001539778895676136
smooth,98,spline_ancova,True,True,0.0013877032324671745
smooth,98,longbet_direct,True,True,39.127229038625956
smooth,99,unadjusted,True,True,0.0021905936300754547
smooth,99,linear_ancova,True,True,0.0005807224661111832
smooth,99,spline_ancova,True,True,0.0007627159357070923
smooth,99,longbet_direct,True,True,38.56149012222886
abrupt,0,unadjusted,True,True,0.0034759342670440674
abrupt,0,linear_ancova,True,True,0.0008606892079114914
abrupt,0,spline_ancova,True,True,0.0012485207989811897
abrupt,0,longbet_direct,True,True,40.37018356658518
abrupt,1,unadjusted,True,True,0.002940446138381958
abrupt,1,linear_ancova,True,True,0.0008194735273718834
abrupt,1,spline_ancova,True,True,0.0010587731376290321
abrupt,1,longbet_direct,True,True,38.495567322708666
abrupt,2,unadjusted,True,True,0.003764408640563488
abrupt,2,linear_ancova,True,True,0.000933387316763401
abrupt,2,spline_ancova,True,True,0.0012566754594445229
abrupt,2,longbet_direct,True,True,40.01913996320218
abrupt,3,unadjusted,True,True,0.0022431528195738792
abrupt,3,linear_ancova,True,True,0.0007554218173027039
abrupt,3,spline_ancova,True,True,0.0009077489376068115
abrupt,3,longbet_direct,True,True,38.85437877103686
abrupt,4,unadjusted,True,True,0.003014044836163521
abrupt,4,linear_ancova,True,True,0.0008233599364757538
abrupt,4,spline_ancova,True,True,0.0011729290708899498
abrupt,4,longbet_direct,True,True,39.38908581901342
abrupt,5,unadjusted,True,True,0.0034368103370070457
abrupt,5,linear_ancova,True,True,0.0009236382320523262
abrupt,5,spline_ancova,True,True,0.0016695735976099968
abrupt,5,longbet_direct,True,True,42.376902183517814
abrupt,6,unadjusted,True,True,0.004103885963559151
abrupt,6,linear_ancova,True,True,0.000956440344452858
abrupt,6,spline_ancova,True,True,0.0014815982431173325
abrupt,6,longbet_direct,True,True,39.69573159143329
abrupt,7,unadjusted,True,True,0.0021500084549188614
abrupt,7,linear_ancova,True,True,0.0006364788860082626
abrupt,7,spline_ancova,True,True,0.0008003273978829384
abrupt,7,longbet_direct,True,True,42.32559746969491
abrupt,8,unadjusted,True,True,0.0024916408583521843
abrupt,8,linear_ancova,True,True,0.0005607856437563896
abrupt,8,spline_ancova,True,True,0.0008034734055399895
abrupt,8,longbet_direct,True,True,40.16062601469457
abrupt,9,unadjusted,True,True,0.0036518648266792297
abrupt,9,linear_ancova,True,True,0.0007838048040866852
abrupt,9,spline_ancova,True,True,0.0012204069644212723
abrupt,9,longbet_direct,True,True,38.0314430501312
abrupt,10,unadjusted,True,True,0.0039551761001348495
abrupt,10,linear_ancova,True,True,0.0009311335161328316
abrupt,10,spline_ancova,True,True,0.001361222006380558
abrupt,10,longbet_direct,True,True,38.00258547347039
abrupt,11,unadjusted,True,True,0.002231130376458168
abrupt,11,linear_ancova,True,True,0.0005130860954523087
abrupt,11,spline_ancova,True,True,0.0007972503080964088
abrupt,11,longbet_direct,True,True,39.86141340434551
abrupt,12,unadjusted,True,True,0.002278548665344715
abrupt,12,linear_ancova,True,True,0.0006757723167538643
abrupt,12,spline_ancova,True,True,0.0008030813187360764
abrupt,12,longbet_direct,True,True,39.43393226247281
abrupt,13,unadjusted,True,True,0.00404010433703661
abrupt,13,linear_ancova,True,True,0.0010817758738994598
abrupt,13,spline_ancova,True,True,0.001332659274339676
abrupt,13,longbet_direct,True,True,40.15123668499291
abrupt,14,unadjusted,True,True,0.0032830992713570595
abrupt,14,linear_ancova,True,True,0.0009397491812705994
abrupt,14,spline_ancova,True,True,0.0012019025161862373
abrupt,14,longbet_direct,True,True,41.726837632246315
abrupt,15,unadjusted,True,True,0.0033652856945991516
abrupt,15,linear_ancova,True,True,0.0008797058835625648
abrupt,15,spline_ancova,True,True,0.0012658527120947838
abrupt,15,longbet_direct,True,True,38.301987499929965
abrupt,16,unadjusted,True,True,0.0035075927153229713
abrupt,16,linear_ancova,True,True,0.0008166870102286339
abrupt,16,spline_ancova,True,True,0.0011483915150165558
abrupt,16,longbet_direct,True,True,37.98003258835524
abrupt,17,unadjusted,True,True,0.0035490021109580994
abrupt,17,linear_ancova,True,True,0.0008386094123125076
abrupt,17,spline_ancova,True,True,0.0012318287044763565
abrupt,17,longbet_direct,True,True,39.11340535338968
abrupt,18,unadjusted,True,True,0.004566005431115627
abrupt,18,linear_ancova,True,True,0.0008502509444952011
abrupt,18,spline_ancova,True,True,0.0013783145695924759
abrupt,18,longbet_direct,True,True,39.01192220579833
abrupt,19,unadjusted,True,True,0.003531317226588726
abrupt,19,linear_ancova,True,True,0.0008245222270488739
abrupt,19,spline_ancova,True,True,0.0013272687792778015
abrupt,19,longbet_direct,True,True,40.38209906499833
abrupt,20,unadjusted,True,True,0.0021961238235235214
abrupt,20,linear_ancova,True,True,0.0005749231204390526
abrupt,20,spline_ancova,True,True,0.0008579343557357788
abrupt,20,longbet_direct,True,False,40.0484698517248
abrupt,21,unadjusted,True,True,0.003861408680677414
abrupt,21,linear_ancova,True,True,0.0011139977723360062
abrupt,21,spline_ancova,True,True,0.001246095634996891
abrupt,21,longbet_direct,True,True,41.257780405692756
abrupt,22,unadjusted,True,True,0.0039006834849715233
abrupt,22,linear_ancova,True,True,0.0009053340181708336
abrupt,22,spline_ancova,True,True,0.001289217732846737
abrupt,22,longbet_direct,True,True,39.23861458431929
abrupt,23,unadjusted,True,True,0.0037892628461122513
abrupt,23,linear_ancova,True,True,0.0011542430147528648
abrupt,23,spline_ancova,True,True,0.0013870103284716606
abrupt,23,longbet_direct,True,True,37.69961698632687
abrupt,24,unadjusted,True,True,0.0022681187838315964
abrupt,24,linear_ancova,True,True,0.0005956310778856277
abrupt,24,spline_ancova,True,True,0.0007861992344260216
abrupt,24,longbet_direct,True,True,39.07728585973382
abrupt,25,unadjusted,True,True,0.003567053936421871
abrupt,25,linear_ancova,True,True,0.0011938167735934258
abrupt,25,spline_ancova,True,True,0.0012857113033533096
abrupt,25,longbet_direct,True,True,36.27919374220073
abrupt,26,unadjusted,True,True,0.0034165820106863976
abrupt,26,linear_ancova,True,True,0.0008934624493122101
abrupt,26,spline_ancova,True,True,0.001252857968211174
abrupt,26,longbet_direct,True,True,39.62186320964247
abrupt,27,unadjusted,True,True,0.003722546622157097
abrupt,27,linear_ancova,True,True,0.000890917144715786
abrupt,27,spline_ancova,True,True,0.0012519760057330132
abrupt,27,longbet_direct,True,True,40.034586844965816
abrupt,28,unadjusted,True,True,0.003328414633870125
abrupt,28,linear_ancova,True,True,0.001009020023047924
abrupt,28,spline_ancova,True,True,0.00125832948833704
abrupt,28,longbet_direct,True,True,38.94927179440856
abrupt,29,unadjusted,True,True,0.003382917493581772
abrupt,29,linear_ancova,True,True,0.0008581457659602165
abrupt,29,spline_ancova,True,True,0.0012761019170284271
abrupt,29,longbet_direct,True,True,38.36226133443415
abrupt,30,unadjusted,True,True,0.003707769326865673
abrupt,30,linear_ancova,True,True,0.0009101741015911102
abrupt,30,spline_ancova,True,True,0.0014197025448083878
abrupt,30,longbet_direct,True,True,39.31583550013602
abrupt,31,unadjusted,True,True,0.0035348935052752495
abrupt,31,linear_ancova,True,True,0.0008931206539273262
abrupt,31,spline_ancova,True,True,0.0013052867725491524
abrupt,31,longbet_direct,True,True,37.87479780241847
abrupt,32,unadjusted,True,True,0.003510056994855404
abrupt,32,linear_ancova,True,True,0.0008364850655198097
abrupt,32,spline_ancova,True,True,0.0013495497405529022
abrupt,32,longbet_direct,True,True,40.514103348366916
abrupt,33,unadjusted,True,True,0.0031454209238290787
abrupt,33,linear_ancova,True,True,0.0008100150153040886
abrupt,33,spline_ancova,True,True,0.00110713392496109
abrupt,33,longbet_direct,True,True,39.30548864789307
abrupt,34,unadjusted,True,True,0.0023651719093322754
abrupt,34,linear_ancova,True,True,0.000890687108039856
abrupt,34,spline_ancova,True,True,0.0014784326776862144
abrupt,34,longbet_direct,True,True,38.444883863441646
abrupt,35,unadjusted,True,True,0.003950987011194229
abrupt,35,linear_ancova,True,True,0.0008513722568750381
abrupt,35,spline_ancova,True,True,0.0012706518173217773
abrupt,35,longbet_direct,True,True,38.45399598404765
abrupt,36,unadjusted,True,True,0.0036754095926880836
abrupt,36,linear_ancova,True,True,0.0008152537047863007
abrupt,36,spline_ancova,True,True,0.0013334201648831367
abrupt,36,longbet_direct,True,True,40.8957908321172
abrupt,37,unadjusted,True,True,0.002122185193002224
abrupt,37,linear_ancova,True,True,0.0005878657102584839
abrupt,37,spline_ancova,True,True,0.0008096639066934586
abrupt,37,longbet_direct,True,True,40.12482235394418
abrupt,38,unadjusted,True,True,0.003511098213493824
abrupt,38,linear_ancova,True,True,0.001073470339179039
abrupt,38,spline_ancova,True,True,0.0014914767816662788
abrupt,38,longbet_direct,True,True,38.088968637399375
abrupt,39,unadjusted,True,True,0.0022583911195397377
abrupt,39,linear_ancova,True,True,0.0006104996427893639
abrupt,39,spline_ancova,True,True,0.0007723942399024963
abrupt,39,longbet_direct,True,True,38.389407576061785
abrupt,40,unadjusted,True,True,0.0048766592517495155
abrupt,40,linear_ancova,True,True,0.0010527512058615685
abrupt,40,spline_ancova,True,True,0.0012893769890069962
abrupt,40,longbet_direct,True,True,39.39556731004268
abrupt,41,unadjusted,True,True,0.0022988058626651764
abrupt,41,linear_ancova,True,True,0.0006097080186009407
abrupt,41,spline_ancova,True,True,0.0008525550365447998
abrupt,41,longbet_direct,True,True,39.21843169722706
abrupt,42,unadjusted,True,True,0.0025945743545889854
abrupt,42,linear_ancova,True,True,0.0006548333913087845
abrupt,42,spline_ancova,True,True,0.0007486185058951378
abrupt,42,longbet_direct,True,True,39.494179828092456
abrupt,43,unadjusted,True,True,0.0035053668543696404
abrupt,43,linear_ancova,True,True,0.0008440790697932243
abrupt,43,spline_ancova,True,True,0.0012273294851183891
abrupt,43,longbet_direct,True,True,35.993678332306445
abrupt,44,unadjusted,True,True,0.003677862696349621
abrupt,44,linear_ancova,True,True,0.0008637243881821632
abrupt,44,spline_ancova,True,True,0.001361963339149952
abrupt,44,longbet_direct,True,True,36.17480984702706
abrupt,45,unadjusted,True,True,0.002118918113410473
abrupt,45,linear_ancova,True,True,0.0006944565102458
abrupt,45,spline_ancova,True,True,0.0008898144587874413
abrupt,45,longbet_direct,True,True,34.8600984653458
abrupt,46,unadjusted,True,True,0.003465913236141205
abrupt,46,linear_ancova,True,True,0.0008302833884954453
abrupt,46,spline_ancova,True,True,0.0013373875990509987
abrupt,46,longbet_direct,True,True,28.883643423207104
abrupt,47,unadjusted,True,True,0.0020952438935637474
abrupt,47,linear_ancova,True,True,0.0006290338933467865
abrupt,47,spline_ancova,True,True,0.0007695192471146584
abrupt,47,longbet_direct,True,True,25.78581669740379
abrupt,48,unadjusted,True,True,0.0021323934197425842
abrupt,48,linear_ancova,True,True,0.0006810622289776802
abrupt,48,spline_ancova,True,True,0.0008783536031842232
abrupt,48,longbet_direct,True,True,25.062022279016674
abrupt,49,unadjusted,True,True,0.0025434382259845734
abrupt,49,linear_ancova,True,True,0.0006441427394747734
abrupt,49,spline_ancova,True,True,0.0007150759920477867
abrupt,49,longbet_direct,True,True,25.172388549894094
abrupt,50,unadjusted,True,True,0.0024772537872195244
abrupt,50,linear_ancova,True,True,0.0005728974938392639
abrupt,50,spline_ancova,True,True,0.0007076412439346313
abrupt,50,longbet_direct,True,True,24.496734270825982
abrupt,51,unadjusted,True,True,0.00289816502481699
abrupt,51,linear_ancova,True,True,0.0007490897551178932
abrupt,51,spline_ancova,True,True,0.0010826876387000084
abrupt,51,longbet_direct,True,True,24.391624559648335
abrupt,52,unadjusted,True,True,0.0019241711124777794
abrupt,52,linear_ancova,True,True,0.00048059411346912384
abrupt,52,spline_ancova,True,True,0.000650494359433651
abrupt,52,longbet_direct,True,True,24.13603371102363
abrupt,53,unadjusted,True,True,0.0018716035410761833
abrupt,53,linear_ancova,True,True,0.00046787969768047333
abrupt,53,spline_ancova,True,True,0.0006545120850205421
abrupt,53,longbet_direct,True,True,23.967024461366236
abrupt,54,unadjusted,True,True,0.0018774745985865593
abrupt,54,linear_ancova,True,True,0.00048768799751996994
abrupt,54,spline_ancova,True,True,0.0006670951843261719
abrupt,54,longbet_direct,True,True,24.22169375885278
abrupt,55,unadjusted,True,True,0.002089272253215313
abrupt,55,linear_ancova,True,True,0.0004830090329051018
abrupt,55,spline_ancova,True,True,0.0006975634023547173
abrupt,55,longbet_direct,True,True,24.509346020407975
abrupt,56,unadjusted,True,True,0.00225144624710083
abrupt,56,linear_ancova,True,True,0.0005811238661408424
abrupt,56,spline_ancova,True,True,0.0007108775898814201
abrupt,56,longbet_direct,True,True,24.32708702236414
abrupt,57,unadjusted,True,True,0.0026758965104818344
abrupt,57,linear_ancova,True,True,0.0005890689790248871
abrupt,57,spline_ancova,True,True,0.000791049562394619
abrupt,57,longbet_direct,True,True,23.819970131851733
abrupt,58,unadjusted,True,True,0.002184211276471615
abrupt,58,linear_ancova,True,True,0.0005502859130501747
abrupt,58,spline_ancova,True,True,0.0006900476291775703
abrupt,58,longbet_direct,True,True,24.073154214769602
abrupt,59,unadjusted,True,True,0.001872483640909195
abrupt,59,linear_ancova,True,True,0.0005036275833845139
abrupt,59,spline_ancova,True,True,0.0007172301411628723
abrupt,59,longbet_direct,True,True,23.915557181462646
abrupt,60,unadjusted,True,True,0.0019063577055931091
abrupt,60,linear_ancova,True,True,0.00046707969158887863
abrupt,60,spline_ancova,True,True,0.0006681373342871666
abrupt,60,longbet_direct,True,True,24.115202322602272
abrupt,61,unadjusted,True,True,0.0019024098291993141
abrupt,61,linear_ancova,True,True,0.00046953465789556503
abrupt,61,spline_ancova,True,True,0.0006786072626709938
abrupt,61,longbet_direct,True,True,24.439569000154734
abrupt,62,unadjusted,True,True,0.0021163327619433403
abrupt,62,linear_ancova,True,True,0.0006839670240879059
abrupt,62,spline_ancova,True,True,0.0007992750033736229
abrupt,62,longbet_direct,True,True,24.135402334854007
abrupt,63,unadjusted,True,True,0.00187701266258955
abrupt,63,linear_ancova,True,True,0.00048669613897800446
abrupt,63,spline_ancova,True,True,0.0006484491750597954
abrupt,63,longbet_direct,True,True,23.657464110292494
abrupt,64,unadjusted,True,True,0.0023422585800290108
abrupt,64,linear_ancova,True,True,0.0005114125087857246
abrupt,64,spline_ancova,True,True,0.0006791278719902039
abrupt,64,longbet_direct,True,True,23.9154914310202
abrupt,65,unadjusted,True,True,0.0018987739458680153
abrupt,65,linear_ancova,True,True,0.00046317093074321747
abrupt,65,spline_ancova,True,True,0.0006811115890741348
abrupt,65,longbet_direct,True,True,23.81548729725182
abrupt,66,unadjusted,True,True,0.0018432196229696274
abrupt,66,linear_ancova,True,True,0.00046387314796447754
abrupt,66,spline_ancova,True,True,0.0006984453648328781
abrupt,66,longbet_direct,True,True,24.075036353431642
abrupt,67,unadjusted,True,True,0.001932276412844658
abrupt,67,linear_ancova,True,True,0.0005203792825341225
abrupt,67,spline_ancova,True,True,0.0008017886430025101
abrupt,67,longbet_direct,True,True,24.964236602187157
abrupt,68,unadjusted,True,True,0.0023477189242839813
abrupt,68,linear_ancova,True,True,0.0005635712295770645
abrupt,68,spline_ancova,True,True,0.0007424168288707733
abrupt,68,longbet_direct,True,True,23.982723875902593
abrupt,69,unadjusted,True,True,0.0019115684553980827
abrupt,69,linear_ancova,True,True,0.00045769102871418
abrupt,69,spline_ancova,True,True,0.0006565665826201439
abrupt,69,longbet_direct,True,True,23.614586856216192
abrupt,70,unadjusted,True,True,0.0018785549327731133
abrupt,70,linear_ancova,True,True,0.000466248020529747
abrupt,70,spline_ancova,True,True,0.0006672656163573265
abrupt,70,longbet_direct,True,True,24.080126549117267
abrupt,71,unadjusted,True,True,0.0018499912694096565
abrupt,71,linear_ancova,True,True,0.00046426430344581604
abrupt,71,spline_ancova,True,True,0.0006463872268795967
abrupt,71,longbet_direct,True,True,23.844561307691038
abrupt,72,unadjusted,True,True,0.0019374573603272438
abrupt,72,linear_ancova,True,True,0.0005005113780498505
abrupt,72,spline_ancova,True,True,0.0006765434518456459
abrupt,72,longbet_direct,True,True,24.183168315328658
abrupt,73,unadjusted,True,True,0.0018410347402095795
abrupt,73,linear_ancova,True,True,0.00046956446021795273
abrupt,73,spline_ancova,True,True,0.0007159681990742683
abrupt,73,longbet_direct,True,True,25.102677142247558
abrupt,74,unadjusted,True,True,0.0018215179443359375
abrupt,74,linear_ancova,True,True,0.00046335160732269287
abrupt,74,spline_ancova,True,True,0.0006476482376456261
abrupt,74,longbet_direct,True,True,23.839401407167315
abrupt,75,unadjusted,True,True,0.0019382480531930923
abrupt,75,linear_ancova,True,True,0.0005108723416924477
abrupt,75,spline_ancova,True,True,0.0006810212507843971
abrupt,75,longbet_direct,True,True,24.225261805579066
abrupt,76,unadjusted,True,True,0.0019983910024166107
abrupt,76,linear_ancova,True,True,0.0005584526807069778
abrupt,76,spline_ancova,True,True,0.0007026325911283493
abrupt,76,longbet_direct,True,True,23.90162560530007
abrupt,77,unadjusted,True,True,0.0018686670809984207
abrupt,77,linear_ancova,True,True,0.0004833294078707695
abrupt,77,spline_ancova,True,True,0.0006584487855434418
abrupt,77,longbet_direct,True,True,23.868045454844832
abrupt,78,unadjusted,True,True,0.0019531957805156708
abrupt,78,linear_ancova,True,True,0.0007235007360577583
abrupt,78,spline_ancova,True,True,0.000871339812874794
abrupt,78,longbet_direct,True,True,24.11962842475623
abrupt,79,unadjusted,True,True,0.0018679965287446976
abrupt,79,linear_ancova,True,True,0.0005842288956046104
abrupt,79,spline_ancova,True,True,0.0007803589105606079
abrupt,79,longbet_direct,True,True,24.955840501002967
abrupt,80,unadjusted,True,True,0.0019029807299375534
abrupt,80,linear_ancova,True,True,0.00048005301505327225
abrupt,80,spline_ancova,True,True,0.0006677666679024696
abrupt,80,longbet_direct,True,True,23.605919717811048
abrupt,81,unadjusted,True,True,0.002097838558256626
abrupt,81,linear_ancova,True,True,0.000538533553481102
abrupt,81,spline_ancova,True,True,0.0007163379341363907
abrupt,81,longbet_direct,True,True,23.840064360760152
abrupt,82,unadjusted,True,True,0.0018667327240109444
abrupt,82,linear_ancova,True,True,0.0004792613908648491
abrupt,82,spline_ancova,True,True,0.0006735585629940033
abrupt,82,longbet_direct,True,True,23.77155335340649
abrupt,83,unadjusted,True,True,0.00195214431732893
abrupt,83,linear_ancova,True,True,0.0005349768325686455
abrupt,83,spline_ancova,True,True,0.0007061390206217766
abrupt,83,longbet_direct,True,True,24.061795783229172
abrupt,84,unadjusted,True,True,0.0019221873953938484
abrupt,84,linear_ancova,True,True,0.0005948403850197792
abrupt,84,spline_ancova,True,True,0.0007289517670869827
abrupt,84,longbet_direct,True,True,23.961064925417304
abrupt,85,unadjusted,True,True,0.0018533188849687576
abrupt,85,linear_ancova,True,True,0.0004617897793650627
abrupt,85,spline_ancova,True,True,0.000657837837934494
abrupt,85,longbet_direct,True,True,24.287413069047034
abrupt,86,unadjusted,True,True,0.0018483875319361687
abrupt,86,linear_ancova,True,True,0.0004729200154542923
abrupt,86,spline_ancova,True,True,0.0006560040637850761
abrupt,86,longbet_direct,True,True,23.678387572057545
abrupt,87,unadjusted,True,True,0.0018711620941758156
abrupt,87,linear_ancova,True,True,0.0004840511828660965
abrupt,87,spline_ancova,True,True,0.0006895577535033226
abrupt,87,longbet_direct,True,True,23.828234972432256
abrupt,88,unadjusted,True,True,0.0018552513793110847
abrupt,88,linear_ancova,True,True,0.0005071042105555534
abrupt,88,spline_ancova,True,True,0.0006637787446379662
abrupt,88,longbet_direct,True,True,23.80616304744035
abrupt,89,unadjusted,True,True,0.002204829826951027
abrupt,89,linear_ancova,True,True,0.0005282042548060417
abrupt,89,spline_ancova,True,True,0.0006797593086957932
abrupt,89,longbet_direct,True,True,24.069586937315762
abrupt,90,unadjusted,True,True,0.002600954845547676
abrupt,90,linear_ancova,True,True,0.0008483072742819786
abrupt,90,spline_ancova,True,True,0.000884094275534153
abrupt,90,longbet_direct,True,True,24.092970928177238
abrupt,91,unadjusted,True,True,0.0022665560245513916
abrupt,91,linear_ancova,True,True,0.0005929870530962944
abrupt,91,spline_ancova,True,True,0.0007329899817705154
abrupt,91,longbet_direct,True,True,24.631748241372406
abrupt,92,unadjusted,True,True,0.002025231719017029
abrupt,92,linear_ancova,True,True,0.00048413127660751343
abrupt,92,spline_ancova,True,True,0.0006550420075654984
abrupt,92,longbet_direct,True,True,23.523701527155936
abrupt,93,unadjusted,True,True,0.001950100064277649
abrupt,93,linear_ancova,True,True,0.0004803147166967392
abrupt,93,spline_ancova,True,True,0.0007091853767633438
abrupt,93,longbet_direct,True,True,23.792612212710083
abrupt,94,unadjusted,True,True,0.0018539587035775185
abrupt,94,linear_ancova,True,True,0.0005066944286227226
abrupt,94,spline_ancova,True,True,0.00075560063123703
abrupt,94,longbet_direct,True,True,23.984153697267175
abrupt,95,unadjusted,True,True,0.0019111763685941696
abrupt,95,linear_ancova,True,True,0.00046191923320293427
abrupt,95,spline_ancova,True,True,0.0006449846550822258
abrupt,95,longbet_direct,True,False,23.548165131360292
abrupt,96,unadjusted,True,True,0.0019029509276151657
abrupt,96,linear_ancova,True,True,0.00047732796519994736
abrupt,96,spline_ancova,True,True,0.0006516259163618088
abrupt,96,longbet_direct,True,True,23.7099987892434
abrupt,97,unadjusted,True,True,0.00224221870303154
abrupt,97,linear_ancova,True,True,0.0006554322317242622
abrupt,97,spline_ancova,True,True,0.0007873605936765671
abrupt,97,longbet_direct,True,True,22.664841564372182
abrupt,98,unadjusted,True,True,0.0019646771252155304
abrupt,98,linear_ancova,True,True,0.000489531084895134
abrupt,98,spline_ancova,True,True,0.0006441520527005196
abrupt,98,longbet_direct,True,True,21.76757786050439
abrupt,99,unadjusted,True,True,0.0019090929999947548
abrupt,99,linear_ancova,True,True,0.0005130060017108917
abrupt,99,spline_ancova,True,True,0.0007095150649547577
abrupt,99,longbet_direct,True,True,21.985751022584736
